name,2018-08-16,2018-09-20,2018-10-25,2018-11-29,2018-12-20,2019-02-08,2019-04-04,2019-07-25,2019-09-10,2019-09-11,2019-10-24,2019-11-28,2020-02-20,2020-03-24,2020-07-23,2020-09-17,2020-10-22,2020-11-27,2020-12-10,2021-02-03,2021-02-18,2021-06-15,2021-08-12,2021-10-20,2021-10-21,2021-11-19,2021-12-23,2022-02-10,2022-03-31,2022-06-06,2022-06-23,2022-09-20,2022-10-06,2023-01-09,2023-04-06,2023-06-29,2023-07-20
A. Samoa,908.0,908.0,908.0,908.0,908.0,908.0,908.0,900.0,900,900,900.0,900.0,900.0,900.0,900.0,900.0,900.0,900.0,900.0,900.0,900.0,900.0,900.0,900.0,900.0,900.0,900.0,900.0,900.0,900.0,900.0,900.0,900.0,900.0,900.0,900.0,900.0
Afghanistan,1068.0,1068.0,1068.0,1068.0,1068.0,1066.0,1057.0,1058.0,1058,1058,1054.0,1052.0,1052.0,1052.0,1052.0,1052.0,1052.0,1052.0,1052.0,1052.0,1052.0,1052.0,1045.0,1045.0,1045.0,1050.0,1050.0,1050.0,1050.0,1050.0,1023.0,1023.0,1023.0,1023.0,1023.0,1020.0,1020.0
Albania,1384.0,1383.0,1372.0,1372.0,1372.0,1372.0,1368.0,1362.0,1362,1362,1367.0,1356.0,1356.0,1356.0,1356.0,1351.0,1345.0,1360.0,1360.0,1360.0,1360.0,1362.0,1360.0,1369.0,1374.0,1375.0,1375.0,1375.0,1372.0,1372.0,1362.0,1362.0,1354.0,1353.0,1345.0,1357.0,1357.0
Algeria,1351.0,1343.0,1339.0,1347.0,1347.0,1349.0,1348.0,1463.0,1463,1463,1469.0,1482.0,1482.0,1482.0,1482.0,1482.0,1489.0,1488.0,1488.0,1488.0,1488.0,1487.0,1499.0,1499.0,1509.0,1509.0,1517.0,1461.0,1461.0,1461.0,1481.0,1481.0,1489.0,1487.0,1504.0,1511.0,1511.0
Andorra,1120.0,1121.0,1109.0,1111.0,1111.0,1111.0,1099.0,1082.0,1082,1082,1080.0,1082.0,1082.0,1082.0,1082.0,1076.0,1065.0,1048.0,1048.0,1048.0,1048.0,1035.0,1032.0,1033.0,1039.0,1030.0,1030.0,1030.0,1040.0,1040.0,1029.0,1029.0,1035.0,1031.0,1031.0,1022.0,1022.0
Angola,1096.0,1108.0,1113.0,1131.0,1131.0,1131.0,1142.0,1144.0,1144,1144,1161.0,1136.0,1136.0,1136.0,1136.0,1136.0,1136.0,1134.0,1134.0,1134.0,1134.0,1136.0,1136.0,1118.0,1124.0,1132.0,1132.0,1132.0,1132.0,1132.0,1145.0,1149.0,1156.0,1159.0,1159.0,1171.0,1169.0
Anguilla,868.0,868.0,864.0,864.0,864.0,864.0,857.0,857.0,857,857,831.0,821.0,821.0,821.0,821.0,821.0,821.0,821.0,821.0,821.0,821.0,805.0,792.0,792.0,792.0,792.0,792.0,792.0,792.0,792.0,791.0,791.0,791.0,791.0,786.0,786.0,786.0
Antigua and B.,1132.0,1122.0,1126.0,1126.0,1126.0,1126.0,1136.0,1136.0,1136,1136,1129.0,1127.0,1127.0,1127.0,1127.0,1127.0,1127.0,1127.0,1127.0,1127.0,1127.0,1129.0,1131.0,1131.0,1131.0,1131.0,1131.0,1131.0,1131.0,1131.0,1117.0,1117.0,1117.0,1117.0,1108.0,1108.0,1108.0
Argentina,1574.0,1575.0,1573.0,1582.0,1582.0,1582.0,1580.0,1610.0,1610,1610,1617.0,1623.0,1623.0,1623.0,1623.0,1623.0,1636.0,1642.0,1642.0,1642.0,1642.0,1642.0,1714.0,1725.0,1739.0,1751.0,1751.0,1767.0,1765.0,1765.0,1771.0,1771.0,1774.0,1838.0,1841.0,1844.0,1844.0
Armenia,1227.0,1225.0,1222.0,1222.0,1222.0,1222.0,1206.0,1230.0,1230,1230,1226.0,1213.0,1213.0,1213.0,1213.0,1215.0,1215.0,1233.0,1233.0,1233.0,1233.0,1273.0,1274.0,1262.0,1257.0,1242.0,1242.0,1242.0,1245.0,1245.0,1242.0,1242.0,1234.0,1232.0,1224.0,1253.0,1253.0
Aruba,916.0,924.0,924.0,916.0,916.0,916.0,909.0,909.0,909,909,885.0,867.0,867.0,867.0,867.0,867.0,867.0,867.0,867.0,867.0,867.0,850.0,860.0,860.0,860.0,860.0,860.0,860.0,860.0,860.0,855.0,855.0,855.0,855.0,851.0,851.0,851.0
Australia,1431.0,1431.0,1432.0,1436.0,1436.0,1441.0,1441.0,1436.0,1436,1436,1450.0,1457.0,1457.0,1457.0,1457.0,1457.0,1457.0,1457.0,1457.0,1457.0,1457.0,1457.0,1477.0,1494.0,1490.0,1485.0,1485.0,1487.0,1462.0,1462.0,1484.0,1484.0,1489.0,1534.0,1533.0,1530.0,1530.0
Austria,1502.0,1499.0,1502.0,1509.0,1509.0,1509.0,1479.0,1498.0,1498,1498,1520.0,1507.0,1507.0,1507.0,1507.0,1505.0,1523.0,1531.0,1531.0,1531.0,1531.0,1523.0,1535.0,1505.0,1501.0,1512.0,1512.0,1512.0,1500.0,1500.0,1502.0,1502.0,1493.0,1497.0,1508.0,1528.0,1528.0
Azerbaijan,1207.0,1202.0,1207.0,1206.0,1206.0,1206.0,1202.0,1188.0,1188,1188,1189.0,1177.0,1177.0,1177.0,1177.0,1179.0,1175.0,1180.0,1180.0,1180.0,1180.0,1169.0,1166.0,1158.0,1147.0,1139.0,1139.0,1139.0,1127.0,1127.0,1127.0,1127.0,1147.0,1152.0,1142.0,1143.0,1143.0
B. Virgin,872.0,872.0,867.0,867.0,867.0,867.0,867.0,867.0,867,867,854.0,842.0,842.0,842.0,842.0,842.0,842.0,842.0,842.0,842.0,842.0,826.0,813.0,813.0,813.0,813.0,813.0,813.0,813.0,813.0,809.0,809.0,809.0,809.0,804.0,804.0,804.0
Bahamas,868.0,862.0,858.0,858.0,858.0,858.0,855.0,855.0,855,855,867.0,880.0,880.0,880.0,880.0,880.0,880.0,880.0,880.0,880.0,880.0,862.0,858.0,858.0,858.0,858.0,858.0,858.0,858.0,858.0,855.0,855.0,855.0,855.0,853.0,853.0,853.0
Bahrain,1180.0,1181.0,1182.0,1178.0,1178.0,1188.0,1188.0,1188.0,1188,1188,1220.0,1219.0,1225.0,1225.0,1225.0,1225.0,1225.0,1238.0,1238.0,1238.0,1238.0,1240.0,1251.0,1251.0,1251.0,1256.0,1252.0,1264.0,1263.0,1263.0,1289.0,1289.0,1281.0,1280.0,1282.0,1282.0,1282.0
Bangladesh,904.0,907.0,907.0,907.0,907.0,907.0,909.0,922.0,922,922,920.0,915.0,914.0,914.0,914.0,914.0,914.0,920.0,917.0,917.0,917.0,917.0,909.0,907.0,908.0,908.0,908.0,908.0,904.0,904.0,883.0,883.0,884.0,884.0,884.0,890.0,892.0
Barbados,1005.0,1003.0,1000.0,1005.0,998.0,998.0,996.0,996.0,996,996,1001.0,1011.0,1009.0,1009.0,1009.0,1009.0,1009.0,1009.0,1009.0,1009.0,1009.0,1011.0,996.0,996.0,996.0,996.0,996.0,996.0,996.0,996.0,982.0,982.0,982.0,982.0,984.0,984.0,984.0
Belarus,1306.0,1304.0,1307.0,1317.0,1317.0,1317.0,1301.0,1286.0,1286,1286,1286.0,1280.0,1280.0,1280.0,1283.0,1282.0,1273.0,1269.0,1269.0,1269.0,1269.0,1277.0,1271.0,1255.0,1234.0,1233.0,1233.0,1233.0,1243.0,1243.0,1227.0,1227.0,1221.0,1222.0,1210.0,1212.0,1212.0
Belgium,1723.0,1729.0,1733.0,1727.0,1727.0,1727.0,1737.0,1746.0,1746,1746,1755.0,1765.0,1765.0,1765.0,1765.0,1773.0,1765.0,1780.0,1780.0,1780.0,1780.0,1783.0,1822.0,1832.0,1832.0,1828.0,1828.0,1828.0,1827.0,1827.0,1822.0,1822.0,1817.0,1781.0,1793.0,1789.0,1789.0
Belize,999.0,1004.0,995.0,1002.0,1002.0,1002.0,994.0,994.0,994,994,986.0,974.0,974.0,974.0,974.0,974.0,974.0,974.0,974.0,974.0,974.0,978.0,967.0,967.0,967.0,967.0,967.0,967.0,962.0,962.0,951.0,951.0,951.0,951.0,940.0,940.0,940.0
Benin,1276.0,1273.0,1277.0,1257.0,1257.0,1257.0,1267.0,1295.0,1295,1295,1293.0,1295.0,1295.0,1295.0,1295.0,1295.0,1300.0,1302.0,1302.0,1302.0,1302.0,1293.0,1277.0,1291.0,1282.0,1283.0,1283.0,1283.0,1284.0,1284.0,1262.0,1259.0,1247.0,1247.0,1240.0,1248.0,1248.0
Bermuda,948.0,940.0,940.0,952.0,952.0,952.0,959.0,972.0,972,972,986.0,984.0,984.0,984.0,983.0,983.0,983.0,983.0,983.0,983.0,983.0,988.0,982.0,982.0,982.0,982.0,982.0,982.0,982.0,982.0,970.0,977.0,977.0,977.0,966.0,966.0,966.0
Bhutan,932.0,917.0,917.0,917.0,917.0,917.0,917.0,916.0,916,916,911.0,911.0,911.0,911.0,911.0,911.0,911.0,911.0,911.0,911.0,911.0,911.0,911.0,911.0,911.0,911.0,911.0,911.0,911.0,911.0,911.0,911.0,911.0,911.0,906.0,906.0,901.0
Bolivia,1378.0,1378.0,1376.0,1374.0,1374.0,1374.0,1366.0,1332.0,1332,1332,1324.0,1324.0,1324.0,1324.0,1324.0,1324.0,1314.0,1307.0,1307.0,1307.0,1307.0,1300.0,1286.0,1284.0,1310.0,1324.0,1324.0,1308.0,1299.0,1299.0,1299.0,1299.0,1296.0,1295.0,1296.0,1295.0,1295.0
Bosnia,1452.0,1468.0,1476.0,1472.0,1472.0,1472.0,1478.0,1453.0,1453,1453,1435.0,1430.0,1430.0,1430.0,1430.0,1426.0,1424.0,1410.0,1410.0,1410.0,1410.0,1405.0,1402.0,1405.0,1415.0,1393.0,1391.0,1391.0,1389.0,1389.0,1404.0,1404.0,1404.0,1404.0,1403.0,1381.0,1381.0
Botswana,1089.0,1077.0,1081.0,1071.0,1071.0,1071.0,1060.0,1069.0,1069,1069,1057.0,1055.0,1055.0,1055.0,1055.0,1055.0,1055.0,1066.0,1066.0,1066.0,1066.0,1052.0,1052.0,1052.0,1052.0,1052.0,1052.0,1052.0,1052.0,1052.0,1050.0,1060.0,1056.0,1054.0,1037.0,1052.0,1054.0
Brazil,1657.0,1663.0,1669.0,1676.0,1676.0,1676.0,1676.0,1726.0,1726,1726,1715.0,1712.0,1712.0,1712.0,1712.0,1712.0,1725.0,1743.0,1743.0,1743.0,1743.0,1743.0,1798.0,1812.0,1820.0,1826.0,1826.0,1823.0,1833.0,1833.0,1838.0,1838.0,1841.0,1841.0,1834.0,1828.0,1828.0
Brunei,900.0,903.0,903.0,903.0,903.0,903.0,903.0,904.0,904,904,904.0,904.0,904.0,904.0,904.0,904.0,904.0,904.0,904.0,904.0,904.0,904.0,904.0,904.0,904.0,904.0,904.0,904.0,899.0,899.0,897.0,897.0,898.0,898.0,891.0,891.0,891.0
Bulgaria,1416.0,1430.0,1428.0,1425.0,1425.0,1425.0,1419.0,1388.0,1388,1388,1371.0,1381.0,1381.0,1381.0,1381.0,1378.0,1354.0,1350.0,1350.0,1350.0,1350.0,1339.0,1335.0,1354.0,1350.0,1345.0,1345.0,1345.0,1339.0,1339.0,1325.0,1325.0,1335.0,1337.0,1316.0,1315.0,1315.0
Burkina Faso,1408.0,1391.0,1390.0,1371.0,1371.0,1371.0,1380.0,1381.0,1381,1381,1378.0,1381.0,1381.0,1381.0,1381.0,1381.0,1390.0,1391.0,1391.0,1391.0,1391.0,1393.0,1384.0,1394.0,1401.0,1398.0,1398.0,1419.0,1410.0,1410.0,1426.0,1426.0,1432.0,1435.0,1434.0,1419.0,1419.0
Burundi,1056.0,1061.0,1074.0,1085.0,1085.0,1085.0,1089.0,1061.0,1061,1061,1063.0,1049.0,1052.0,1052.0,1052.0,1052.0,1058.0,1078.0,1078.0,1078.0,1078.0,1076.0,1076.0,1071.0,1071.0,1076.0,1076.0,1076.0,1081.0,1081.0,1078.0,1076.0,1076.0,1075.0,1070.0,1085.0,1085.0
C. Taipei,1135.0,1139.0,1139.0,1134.0,1134.0,1134.0,1128.0,1132.0,1132,1132,1102.0,1078.0,1078.0,1078.0,1078.0,1078.0,1078.0,1078.0,1078.0,1078.0,1078.0,1078.0,1046.0,1046.0,1018.0,1018.0,1018.0,1018.0,1018.0,1018.0,1018.0,1018.0,1018.0,1021.0,1021.0,1028.0,1028.0
Cambodia,984.0,979.0,973.0,970.0,970.0,970.0,967.0,988.0,988,988,974.0,964.0,964.0,964.0,964.0,964.0,964.0,964.0,964.0,964.0,964.0,964.0,950.0,950.0,970.0,970.0,967.0,967.0,967.0,967.0,954.0,954.0,949.0,947.0,949.0,943.0,943.0
Cameroon,1416.0,1408.0,1408.0,1394.0,1394.0,1394.0,1399.0,1409.0,1409,1409,1409.0,1413.0,1413.0,1413.0,1413.0,1413.0,1413.0,1428.0,1428.0,1428.0,1427.0,1405.0,1411.0,1404.0,1418.0,1437.0,1437.0,1481.0,1480.0,1480.0,1485.0,1485.0,1471.0,1499.0,1470.0,1471.0,1471.0
Canada,1304.0,1307.0,1310.0,1314.0,1314.0,1314.0,1314.0,1312.0,1312,1312,1339.0,1331.0,1332.0,1332.0,1332.0,1332.0,1332.0,1332.0,1332.0,1332.0,1332.0,1341.0,1399.0,1416.0,1432.0,1462.0,1462.0,1498.0,1479.0,1479.0,1474.0,1474.0,1475.0,1432.0,1443.0,1454.0,1459.0
Cape Verde,1356.0,1350.0,1338.0,1325.0,1325.0,1325.0,1319.0,1319.0,1319,1319,1319.0,1318.0,1318.0,1318.0,1318.0,1318.0,1316.0,1306.0,1306.0,1306.0,1306.0,1330.0,1327.0,1314.0,1328.0,1339.0,1339.0,1337.0,1340.0,1340.0,1333.0,1331.0,1336.0,1336.0,1337.0,1355.0,1355.0
Cayman Islands,880.0,878.0,873.0,874.0,874.0,874.0,867.0,867.0,867,867,895.0,897.0,897.0,897.0,897.0,897.0,897.0,897.0,897.0,897.0,897.0,884.0,874.0,874.0,874.0,874.0,874.0,874.0,874.0,874.0,866.0,866.0,866.0,866.0,860.0,860.0,860.0
Central Africa,1196.0,1187.0,1182.0,1180.0,1180.0,1180.0,1184.0,1184.0,1184,1184,1186.0,1184.0,1184.0,1184.0,1184.0,1184.0,1184.0,1171.0,1171.0,1171.0,1171.0,1158.0,1147.0,1136.0,1150.0,1127.0,1127.0,1127.0,1122.0,1122.0,1116.0,1116.0,1117.0,1117.0,1146.0,1134.0,1134.0
Chad,956.0,956.0,956.0,956.0,956.0,956.0,956.0,956.0,956,956,955.0,943.0,943.0,943.0,943.0,943.0,943.0,947.0,947.0,947.0,947.0,935.0,935.0,935.0,935.0,935.0,935.0,935.0,932.0,932.0,932.0,932.0,930.0,930.0,930.0,930.0,930.0
Chile,1570.0,1568.0,1568.0,1565.0,1565.0,1565.0,1559.0,1583.0,1583,1583,1579.0,1579.0,1579.0,1579.0,1579.0,1579.0,1570.0,1567.0,1567.0,1567.0,1567.0,1570.0,1558.0,1537.0,1546.0,1541.0,1543.0,1543.0,1526.0,1526.0,1515.0,1515.0,1510.0,1507.0,1511.0,1511.0,1511.0
China,1320.0,1313.0,1317.0,1317.0,1317.0,1339.0,1327.0,1333.0,1333,1333,1339.0,1325.0,1323.0,1323.0,1323.0,1323.0,1323.0,1323.0,1323.0,1323.0,1323.0,1323.0,1353.0,1335.0,1334.0,1337.0,1337.0,1314.0,1304.0,1304.0,1304.0,1305.0,1305.0,1305.0,1298.0,1305.0,1305.0
Colombia,1563.0,1567.0,1575.0,1575.0,1575.0,1575.0,1573.0,1622.0,1622,1622,1615.0,1622.0,1622.0,1622.0,1622.0,1622.0,1631.0,1601.0,1601.0,1601.0,1601.0,1601.0,1618.0,1618.0,1619.0,1607.0,1607.0,1586.0,1601.0,1601.0,1604.0,1604.0,1611.0,1613.0,1617.0,1625.0,1625.0
Comoros,1052.0,1060.0,1062.0,1076.0,1076.0,1076.0,1071.0,1071.0,1071,1071,1067.0,1088.0,1088.0,1088.0,1088.0,1088.0,1095.0,1112.0,1112.0,1112.0,1112.0,1106.0,1104.0,1112.0,1112.0,1118.0,1118.0,1126.0,1131.0,1131.0,1132.0,1127.0,1123.0,1123.0,1112.0,1123.0,1120.0
Congo,1292.0,1289.0,1277.0,1280.0,1280.0,1280.0,1265.0,1265.0,1265,1265,1265.0,1269.0,1269.0,1269.0,1269.0,1269.0,1262.0,1264.0,1264.0,1264.0,1265.0,1256.0,1256.0,1248.0,1228.0,1221.0,1221.0,1221.0,1211.0,1211.0,1215.0,1215.0,1209.0,1209.0,1198.0,1191.0,1191.0
Cook Islands,908.0,908.0,908.0,908.0,908.0,908.0,908.0,908.0,908,908,908,908,908,908,908,908,908,908,908,908,908,908,908,908,908,908,908,908,899.0,899.0,899.0,899.0,899.0,899.0,899.0,899.0,899.0
Costa Rica,1471.0,1460.0,1452.0,1464.0,1464.0,1461.0,1458.0,1445.0,1445,1445,1436.0,1442.0,1439.0,1439.0,1439.0,1439.0,1427.0,1427.0,1427.0,1427.0,1427.0,1423.0,1450.0,1438.0,1440.0,1437.0,1437.0,1464.0,1503.0,1503.0,1500.0,1500.0,1504.0,1500.0,1491.0,1478.0,1454.0
Croatia,1643.0,1634.0,1635.0,1634.0,1634.0,1634.0,1621.0,1625.0,1625,1625,1631.0,1642.0,1642.0,1642.0,1642.0,1628.0,1634.0,1617.0,1617.0,1617.0,1617.0,1606.0,1594.0,1608.0,1609.0,1621.0,1621.0,1621.0,1621.0,1621.0,1632.0,1632.0,1646.0,1728.0,1730.0,1743.0,1743.0
Cuba,940.0,946.0,954.0,963.0,963.0,963.0,961.0,950.0,950,950,938.0,936.0,936.0,936.0,936.0,936.0,936.0,936.0,936.0,936.0,936.0,923.0,947.0,947.0,947.0,949.0,949.0,949.0,951.0,951.0,979.0,979.0,979.0,979.0,986.0,985.0,968.0
Curaçao,1300.0,1303.0,1306.0,1306.0,1306.0,1306.0,1296.0,1309.0,1309,1309,1323.0,1313.0,1313.0,1313.0,1313.0,1313.0,1313.0,1313.0,1313.0,1313.0,1313.0,1323.0,1310.0,1310.0,1298.0,1298.0,1298.0,1298.0,1298.0,1298.0,1293.0,1293.0,1279.0,1279.0,1272.0,1268.0,1268.0
Cyprus,1280.0,1283.0,1279.0,1276.0,1276.0,1276.0,1276.0,1258.0,1258,1258,1263.0,1251.0,1251.0,1251.0,1251.0,1236.0,1225.0,1224.0,1224.0,1224.0,1224.0,1241.0,1235.0,1203.0,1193.0,1179.0,1179.0,1179.0,1186.0,1186.0,1181.0,1181.0,1184.0,1185.0,1179.0,1164.0,1164.0
Czechia,1430.0,1418.0,1420.0,1435.0,1435.0,1435.0,1424.0,1448.0,1448,1448,1454.0,1446.0,1446.0,1446.0,1446.0,1446.0,1446.0,1456.0,1456.0,1456.0,1456.0,1459.0,1493.0,1495.0,1503.0,1510.0,1510.0,1510.0,1501.0,1501.0,1503.0,1503.0,1492.0,1491.0,1495.0,1504.0,1504.0
DR Congo,1456.0,1447.0,1423.0,1420.0,1420.0,1420.0,1425.0,1395.0,1395,1395,1399.0,1389.0,1389.0,1389.0,1389.0,1389.0,1384.0,1386.0,1386.0,1386.0,1386.0,1377.0,1373.0,1365.0,1358.0,1376.0,1376.0,1370.0,1365.0,1365.0,1333.0,1333.0,1334.0,1334.0,1339.0,1350.0,1350.0
Denmark,1580.0,1581.0,1584.0,1589.0,1589.0,1589.0,1586.0,1589.0,1589,1589,1599.0,1598.0,1598.0,1598.0,1598.0,1593.0,1610.0,1614.0,1614.0,1614.0,1614.0,1632.0,1642.0,1658.0,1669.0,1655.0,1655.0,1655.0,1654.0,1654.0,1665.0,1665.0,1667.0,1608.0,1595.0,1597.0,1597.0
Djibouti,896.0,896.0,896.0,896.0,896.0,896.0,896.0,896.0,896,896,916.0,919.0,919.0,919.0,919.0,919.0,919.0,919.0,919.0,919.0,919.0,919.0,922.0,913.0,906.0,897.0,897.0,897.0,876.0,876.0,876.0,878.0,875.0,875.0,875.0,889.0,889.0
Dominica,952.0,953.0,950.0,950.0,950.0,950.0,954.0,954.0,954,954,913.0,919.0,919.0,919.0,919.0,919.0,919.0,919.0,919.0,919.0,919.0,904.0,917.0,917.0,917.0,917.0,917.0,917.0,917.0,917.0,912.0,912.0,912.0,912.0,905.0,905.0,905.0
Dominican Rep.,1040.0,1040.0,1045.0,1036.0,1036.0,1036.0,1028.0,1028.0,1028,1028,1040.0,1019.0,1019.0,1019.0,1019.0,1019.0,1019.0,1019.0,1019.0,1019.0,1018.0,1036.0,1029.0,1029.0,1029.0,1029.0,1029.0,1029.0,1029.0,1029.0,1032.0,1032.0,1032.0,1032.0,1038.0,1037.0,1037.0
Ecuador,1376.0,1378.0,1371.0,1382.0,1382.0,1382.0,1378.0,1359.0,1359,1359,1368.0,1368.0,1368.0,1368.0,1368.0,1368.0,1380.0,1409.0,1409.0,1409.0,1409.0,1413.0,1405.0,1415.0,1417.0,1449.0,1448.0,1459.0,1453.0,1453.0,1464.0,1464.0,1464.0,1477.0,1478.0,1486.0,1486.0
Egypt,1355.0,1364.0,1378.0,1393.0,1393.0,1393.0,1384.0,1431.0,1431,1431,1433.0,1420.0,1420.0,1420.0,1420.0,1420.0,1420.0,1432.0,1432.0,1432.0,1432.0,1433.0,1433.0,1435.0,1448.0,1450.0,1452.0,1497.0,1501.0,1501.0,1483.0,1483.0,1486.0,1490.0,1501.0,1510.0,1510.0
El Salvador,1332.0,1332.0,1335.0,1327.0,1327.0,1327.0,1344.0,1342.0,1342,1342,1336.0,1346.0,1346.0,1346.0,1346.0,1346.0,1346.0,1346.0,1346.0,1346.0,1344.0,1341.0,1375.0,1370.0,1365.0,1351.0,1349.0,1346.0,1332.0,1332.0,1333.0,1333.0,1331.0,1327.0,1318.0,1318.0,1325.0
England,1615.0,1612.0,1619.0,1631.0,1631.0,1631.0,1647.0,1652.0,1652,1652,1651.0,1661.0,1661.0,1661.0,1661.0,1664.0,1669.0,1670.0,1670.0,1670.0,1670.0,1687.0,1753.0,1755.0,1750.0,1756.0,1756.0,1756.0,1762.0,1762.0,1737.0,1737.0,1728.0,1774.0,1792.0,1797.0,1797.0
Equat. Guinea,1072.0,1086.0,1067.0,1063.0,1063.0,1063.0,1074.0,1074.0,1074,1074,1083.0,1066.0,1066.0,1066.0,1066.0,1066.0,1066.0,1097.0,1097.0,1097.0,1097.0,1105.0,1105.0,1116.0,1136.0,1157.0,1157.0,1210.0,1210.0,1210.0,1215.0,1215.0,1216.0,1216.0,1233.0,1252.0,1252.0
Eritrea,868.0,868.0,868.0,868.0,868.0,868.0,868.0,868.0,868,868,856.0,856.0,856.0,856.0,856.0,856.0,856.0,856.0,856.0,856.0,856.0,856.0,856.0,856.0,856.0,856.0,856.0,856.0,856.0,856.0,856.0,856.0,856.0,856.0,856.0,856.0,856.0
Estonia,1250.0,1240.0,1237.0,1242.0,1242.0,1246.0,1240.0,1228.0,1228,1228,1209.0,1202.0,1202.0,1202.0,1202.0,1188.0,1185.0,1180.0,1180.0,1180.0,1180.0,1162.0,1171.0,1174.0,1184.0,1176.0,1176.0,1176.0,1169.0,1169.0,1177.0,1177.0,1185.0,1186.0,1182.0,1179.0,1179.0
Eswatini,1105.0,1101.0,1088.0,1078.0,1078.0,1078.0,1074.0,1074.0,1074,1074,1055.0,1042.0,1042.0,1042.0,1042.0,1042.0,1042.0,1040.0,1040.0,1040.0,1040.0,1039.0,1054.0,1054.0,1054.0,1054.0,1054.0,1054.0,1070.0,1070.0,1067.0,1071.0,1071.0,1071.0,1070.0,1059.0,1058.0
Ethiopia,1044.0,1060.0,1054.0,1049.0,1049.0,1049.0,1049.0,1049.0,1049,1049,1049.0,1061.0,1061.0,1061.0,1061.0,1061.0,1061.0,1064.0,1066.0,1066.0,1066.0,1079.0,1079.0,1093.0,1079.0,1088.0,1088.0,1081.0,1077.0,1077.0,1087.0,1088.0,1091.0,1091.0,1073.0,1074.0,1074.0
Faroe Islands,1268.0,1261.0,1251.0,1238.0,1238.0,1238.0,1213.0,1200.0,1200,1200,1192.0,1181.0,1181.0,1181.0,1181.0,1191.0,1193.0,1183.0,1183.0,1183.0,1183.0,1165.0,1165.0,1160.0,1149.0,1137.0,1137.0,1137.0,1137.0,1137.0,1136.0,1136.0,1147.0,1146.0,1139.0,1126.0,1126.0
Fiji,985.0,981.0,981.0,981.0,981.0,981.0,992.0,996.0,996,996,996.0,996.0,996.0,996.0,996.0,996.0,996.0,996.0,996.0,996.0,996.0,996.0,996.0,996.0,996.0,996.0,996.0,996.0,993.0,993.0,993.0,993.0,989.0,989.0,980.0,980.0,980.0
Finland,1364.0,1378.0,1392.0,1378.0,1378.0,1375.0,1375.0,1394.0,1394,1394,1395.0,1386.0,1386.0,1386.0,1386.0,1390.0,1402.0,1411.0,1411.0,1411.0,1411.0,1411.0,1404.0,1407.0,1404.0,1412.0,1412.0,1412.0,1407.0,1407.0,1398.0,1398.0,1406.0,1406.0,1405.0,1419.0,1419.0
France,1726.0,1729.0,1732.0,1726.0,1726.0,1726.0,1734.0,1718.0,1718,1718,1726.0,1733.0,1733.0,1733.0,1733.0,1744.0,1752.0,1755.0,1755.0,1755.0,1755.0,1757.0,1762.0,1754.0,1779.0,1786.0,1786.0,1786.0,1790.0,1790.0,1765.0,1765.0,1760.0,1823.0,1838.0,1844.0,1844.0
Gabon,1284.0,1274.0,1288.0,1277.0,1277.0,1277.0,1272.0,1272.0,1272,1272,1285.0,1297.0,1297.0,1297.0,1297.0,1297.0,1292.0,1280.0,1280.0,1280.0,1280.0,1278.0,1278.0,1267.0,1260.0,1262.0,1262.0,1291.0,1291.0,1291.0,1302.0,1302.0,1302.0,1305.0,1297.0,1285.0,1285.0
Georgia,1242.0,1254.0,1265.0,1269.0,1269.0,1269.0,1256.0,1255.0,1255,1255,1274.0,1267.0,1267.0,1267.0,1267.0,1274.0,1287.0,1267.0,1267.0,1267.0,1267.0,1260.0,1264.0,1241.0,1244.0,1269.0,1269.0,1269.0,1276.0,1276.0,1296.0,1296.0,1307.0,1306.0,1312.0,1313.0,1313.0
Germany,1561.0,1568.0,1555.0,1558.0,1558.0,1558.0,1570.0,1582.0,1582,1582,1586.0,1602.0,1602.0,1602.0,1602.0,1602.0,1607.0,1610.0,1610.0,1610.0,1610.0,1609.0,1613.0,1628.0,1642.0,1648.0,1648.0,1648.0,1651.0,1651.0,1659.0,1659.0,1650.0,1647.0,1647.0,1636.0,1636.0
Ghana,1424.0,1407.0,1407.0,1412.0,1412.0,1412.0,1423.0,1429.0,1429,1429,1426.0,1439.0,1439.0,1439.0,1439.0,1439.0,1438.0,1424.0,1424.0,1424.0,1424.0,1425.0,1421.0,1411.0,1425.0,1429.0,1429.0,1381.0,1387.0,1387.0,1390.0,1393.0,1393.0,1400.0,1396.0,1391.0,1391.0
Gibraltar,900.0,891.0,911.0,905.0,905.0,905.0,900.0,893.0,893,893,882.0,879.0,879.0,879.0,879.0,886.0,890.0,888.0,888.0,888.0,888.0,880.0,880.0,868.0,863.0,854.0,854.0,854.0,857.0,857.0,857.0,857.0,852.0,858.0,855.0,852.0,852.0
Greece,1436.0,1433.0,1432.0,1428.0,1428.0,1428.0,1433.0,1403.0,1403,1403,1388.0,1409.0,1409.0,1409.0,1409.0,1413.0,1408.0,1413.0,1413.0,1413.0,1413.0,1419.0,1427.0,1435.0,1435.0,1422.0,1422.0,1422.0,1421.0,1421.0,1441.0,1441.0,1438.0,1434.0,1433.0,1441.0,1441.0
Grenada,980.0,976.0,968.0,968.0,968.0,968.0,973.0,973.0,973,973,1001.0,1015.0,1015.0,1015.0,1015.0,1015.0,1015.0,1015.0,1015.0,1015.0,1015.0,1018.0,974.0,974.0,974.0,974.0,974.0,974.0,968.0,968.0,969.0,969.0,964.0,964.0,960.0,961.0,961.0
Guam,912.0,907.0,907.0,907.0,907.0,907.0,907.0,908.0,908,908,882.0,873.0,873.0,873.0,873.0,873.0,873.0,873.0,873.0,873.0,873.0,873.0,858.0,858.0,838.0,838.0,838.0,838.0,838.0,838.0,838.0,838.0,838.0,838.0,838.0,838.0,838.0
Guatemala,1064.0,1064.0,1064.0,1061.0,1061.0,1061.0,1074.0,1072.0,1072,1072,1094.0,1106.0,1106.0,1106.0,1104.0,1104.0,1103.0,1111.0,1111.0,1111.0,1112.0,1129.0,1139.0,1138.0,1138.0,1138.0,1138.0,1138.0,1148.0,1148.0,1162.0,1162.0,1157.0,1158.0,1165.0,1167.0,1187.0
Guinea,1344.0,1353.0,1354.0,1354.0,1354.0,1354.0,1350.0,1325.0,1325,1325,1317.0,1328.0,1328.0,1328.0,1328.0,1328.0,1333.0,1329.0,1329.0,1329.0,1334.0,1332.0,1330.0,1326.0,1309.0,1298.0,1298.0,1293.0,1293.0,1293.0,1295.0,1295.0,1290.0,1290.0,1306.0,1297.0,1297.0
Guinea-Bissau,1148.0,1149.0,1157.0,1158.0,1158.0,1158.0,1158.0,1143.0,1143,1143,1155.0,1155.0,1155.0,1155.0,1155.0,1155.0,1155.0,1146.0,1146.0,1146.0,1146.0,1171.0,1171.0,1187.0,1175.0,1177.0,1177.0,1159.0,1159.0,1159.0,1166.0,1166.0,1161.0,1159.0,1172.0,1179.0,1179.0
Guyana,936.0,937.0,943.0,943.0,951.0,951.0,959.0,953.0,953,953,969.0,988.0,988.0,988.0,988.0,988.0,988.0,988.0,988.0,988.0,988.0,991.0,959.0,959.0,959.0,959.0,959.0,959.0,961.0,961.0,969.0,969.0,969.0,969.0,976.0,982.0,982.0
Haiti,1212.0,1212.0,1216.0,1219.0,1219.0,1219.0,1223.0,1288.0,1288,1288,1281.0,1285.0,1285.0,1285.0,1285.0,1285.0,1285.0,1285.0,1285.0,1285.0,1285.0,1291.0,1268.0,1268.0,1268.0,1268.0,1268.0,1268.0,1262.0,1262.0,1269.0,1269.0,1269.0,1269.0,1276.0,1276.0,1273.0
Honduras,1368.0,1368.0,1367.0,1369.0,1369.0,1369.0,1369.0,1350.0,1350,1350,1368.0,1377.0,1377.0,1377.0,1377.0,1377.0,1374.0,1367.0,1367.0,1367.0,1367.0,1361.0,1378.0,1372.0,1355.0,1332.0,1332.0,1304.0,1289.0,1289.0,1300.0,1300.0,1302.0,1301.0,1300.0,1296.0,1309.0
Hong Kong,1076.0,1076.0,1071.0,1078.0,1078.0,1078.0,1078.0,1074.0,1074,1074,1061.0,1075.0,1072.0,1072.0,1072.0,1072.0,1072.0,1072.0,1072.0,1072.0,1072.0,1072.0,1053.0,1053.0,1053.0,1053.0,1053.0,1053.0,1053.0,1053.0,1061.0,1058.0,1062.0,1062.0,1057.0,1050.0,1050.0
Hungary,1409.0,1409.0,1400.0,1412.0,1412.0,1412.0,1419.0,1442.0,1442,1442,1429.0,1416.0,1416.0,1416.0,1416.0,1418.0,1439.0,1460.0,1460.0,1460.0,1460.0,1469.0,1474.0,1457.0,1449.0,1466.0,1466.0,1466.0,1466.0,1466.0,1487.0,1487.0,1492.0,1493.0,1504.0,1505.0,1505.0
Iceland,1471.0,1461.0,1458.0,1452.0,1452.0,1451.0,1450.0,1473.0,1473,1473,1460.0,1464.0,1465.0,1465.0,1465.0,1457.0,1461.0,1438.0,1438.0,1438.0,1438.0,1416.0,1418.0,1397.0,1397.0,1385.0,1385.0,1383.0,1381.0,1381.0,1380.0,1380.0,1384.0,1380.0,1369.0,1353.0,1353.0
India,1242.0,1244.0,1245.0,1240.0,1240.0,1219.0,1219.0,1214.0,1214,1214,1201.0,1187.0,1187.0,1187.0,1187.0,1187.0,1187.0,1187.0,1187.0,1187.0,1187.0,1184.0,1180.0,1181.0,1183.0,1183.0,1183.0,1183.0,1174.0,1174.0,1199.0,1199.0,1192.0,1192.0,1201.0,1205.0,1209.0
Indonesia,992.0,997.0,1004.0,1003.0,1003.0,1003.0,1008.0,1008.0,1008,1008,975.0,964.0,964.0,964.0,964.0,964.0,964.0,964.0,964.0,964.0,964.0,964.0,957.0,957.0,986.0,981.0,992.0,1002.0,1002.0,1002.0,1019.0,1019.0,1034.0,1034.0,1046.0,1047.0,1047.0
Iran,1471.0,1474.0,1478.0,1481.0,1481.0,1516.0,1516.0,1518.0,1518,1518,1505.0,1489.0,1489.0,1489.0,1489.0,1489.0,1492.0,1496.0,1496.0,1496.0,1496.0,1500.0,1522.0,1538.0,1545.0,1558.0,1558.0,1573.0,1564.0,1564.0,1559.0,1559.0,1565.0,1552.0,1553.0,1557.0,1557.0
Iraq,1274.0,1272.0,1270.0,1271.0,1271.0,1310.0,1319.0,1315.0,1315,1315,1327.0,1340.0,1344.0,1344.0,1344.0,1344.0,1344.0,1347.0,1347.0,1347.0,1348.0,1353.0,1355.0,1349.0,1346.0,1336.0,1333.0,1325.0,1339.0,1339.0,1339.0,1339.0,1343.0,1342.0,1348.0,1345.0,1345.0
Ireland,1484.0,1478.0,1473.0,1474.0,1474.0,1474.0,1484.0,1489.0,1489,1489,1480.0,1486.0,1486.0,1486.0,1486.0,1475.0,1467.0,1456.0,1456.0,1456.0,1456.0,1427.0,1429.0,1419.0,1431.0,1444.0,1444.0,1444.0,1449.0,1449.0,1442.0,1442.0,1440.0,1439.0,1436.0,1426.0,1426.0
Israel,1256.0,1247.0,1267.0,1265.0,1265.0,1265.0,1285.0,1286.0,1286,1286,1278.0,1260.0,1260.0,1260.0,1260.0,1265.0,1275.0,1279.0,1279.0,1279.0,1279.0,1283.0,1288.0,1310.0,1306.0,1307.0,1307.0,1307.0,1306.0,1306.0,1316.0,1316.0,1317.0,1316.0,1307.0,1324.0,1324.0
Italy,1532.0,1526.0,1533.0,1539.0,1539.0,1539.0,1550.0,1569.0,1569,1569,1593.0,1607.0,1607.0,1607.0,1607.0,1612.0,1612.0,1625.0,1625.0,1625.0,1625.0,1642.0,1745.0,1736.0,1751.0,1741.0,1741.0,1741.0,1723.0,1723.0,1714.0,1714.0,1726.0,1724.0,1714.0,1727.0,1727.0
Ivory Coast,1344.0,1351.0,1356.0,1356.0,1356.0,1356.0,1365.0,1394.0,1394,1394,1392.0,1380.0,1378.0,1378.0,1378.0,1378.0,1378.0,1384.0,1384.0,1384.0,1384.0,1398.0,1403.0,1411.0,1424.0,1418.0,1418.0,1440.0,1435.0,1435.0,1436.0,1436.0,1443.0,1441.0,1450.0,1433.0,1433.0
Jamaica,1400.0,1401.0,1401.0,1404.0,1404.0,1404.0,1391.0,1425.0,1425,1425,1441.0,1437.0,1437.0,1437.0,1438.0,1438.0,1438.0,1437.0,1437.0,1437.0,1437.0,1433.0,1423.0,1402.0,1408.0,1412.0,1412.0,1379.0,1379.0,1379.0,1382.0,1382.0,1379.0,1379.0,1382.0,1368.0,1410.0
Japan,1392.0,1398.0,1409.0,1414.0,1414.0,1495.0,1494.0,1481.0,1481,1481,1498.0,1500.0,1500.0,1500.0,1500.0,1500.0,1503.0,1502.0,1502.0,1502.0,1502.0,1509.0,1529.0,1520.0,1518.0,1532.0,1532.0,1550.0,1553.0,1553.0,1553.0,1555.0,1560.0,1593.0,1589.0,1596.0,1596.0
Jordan,1192.0,1189.0,1189.0,1196.0,1196.0,1238.0,1229.0,1229.0,1229,1229,1236.0,1238.0,1238.0,1238.0,1238.0,1238.0,1238.0,1244.0,1244.0,1244.0,1243.0,1252.0,1245.0,1246.0,1254.0,1253.0,1256.0,1260.0,1260.0,1260.0,1280.0,1280.0,1290.0,1290.0,1293.0,1296.0,1296.0
Kazakhstan,1167.0,1160.0,1166.0,1159.0,1159.0,1159.0,1171.0,1174.0,1174,1174,1157.0,1155.0,1155.0,1155.0,1155.0,1156.0,1153.0,1142.0,1142.0,1142.0,1142.0,1147.0,1144.0,1151.0,1137.0,1141.0,1141.0,1141.0,1135.0,1135.0,1166.0,1166.0,1167.0,1163.0,1177.0,1198.0,1198.0
Kenya,1182.0,1204.0,1210.0,1210.0,1210.0,1210.0,1202.0,1201.0,1201,1201,1195.0,1199.0,1199.0,1199.0,1199.0,1199.0,1205.0,1187.0,1187.0,1187.0,1187.0,1205.0,1205.0,1205.0,1189.0,1202.0,1202.0,1202.0,1202.0,1202.0,1202.0,1202.0,1202.0,1202.0,1200.0,1191.0,1191.0
Kosovo,1080.0,1092.0,1099.0,1113.0,1113.0,1113.0,1124.0,1149.0,1149,1149,1184.0,1174.0,1174.0,1174.0,1174.0,1167.0,1158.0,1155.0,1155.0,1155.0,1155.0,1152.0,1159.0,1176.0,1161.0,1163.0,1163.0,1163.0,1163.0,1163.0,1163.0,1163.0,1163.0,1163.0,1163.0,1163.0,1163.0
Kuwait,1012.0,1014.0,1020.0,1018.0,1018.0,1018.0,1022.0,1022.0,1022,1022,1034.0,1059.0,1060.0,1060.0,1060.0,1060.0,1060.0,1060.0,1060.0,1060.0,1057.0,1056.0,1067.0,1065.0,1065.0,1064.0,1064.0,1066.0,1060.0,1060.0,1053.0,1053.0,1053.0,1057.0,1072.0,1084.0,1090.0
Kyrgyzstan,1260.0,1265.0,1268.0,1264.0,1264.0,1253.0,1253.0,1252.0,1252,1252,1252.0,1240.0,1240.0,1240.0,1240.0,1240.0,1240.0,1240.0,1240.0,1240.0,1240.0,1240.0,1223.0,1231.0,1231.0,1229.0,1229.0,1229.0,1218.0,1218.0,1233.0,1233.0,1230.0,1233.0,1225.0,1225.0,1225.0
Laos,948.0,946.0,937.0,923.0,923.0,923.0,923.0,912.0,912,912,912.0,912.0,912.0,912.0,912.0,912.0,912.0,912.0,912.0,912.0,912.0,912.0,912.0,912.0,912.0,912.0,905.0,905.0,915.0,915.0,915.0,915.0,906.0,906.0,900.0,900.0,900.0
Latvia,1122.0,1116.0,1111.0,1112.0,1112.0,1112.0,1101.0,1086.0,1086,1086,1063.0,1079.0,1079.0,1079.0,1079.0,1076.0,1071.0,1082.0,1082.0,1082.0,1082.0,1082.0,1084.0,1092.0,1085.0,1100.0,1100.0,1100.0,1105.0,1105.0,1125.0,1125.0,1114.0,1117.0,1111.0,1096.0,1096.0
Lebanon,1277,1277,1277,1277,1277,1277,1277,1277,1277,1277,1266.0,1269.0,1269.0,1269.0,1269.0,1269.0,1269.0,1263.0,1263.0,1263.0,1263.0,1256.0,1238.0,1234.0,1250.0,1234.0,1233.0,1229.0,1212.0,1212.0,1212.0,1212.0,1212.0,1208.0,1203.0,1202.0,1206.0
Lesotho,1064.0,1070.0,1055.0,1069.0,1069.0,1069.0,1075.0,1072.0,1072,1072,1076.0,1074.0,1074.0,1074.0,1074.0,1074.0,1074.0,1072.0,1072.0,1072.0,1072.0,1070.0,1058.0,1058.0,1058.0,1058.0,1058.0,1058.0,1062.0,1062.0,1059.0,1061.0,1061.0,1061.0,1046.0,1035.0,1039.0
Liberia,1016.0,1023.0,1035.0,1051.0,1051.0,1051.0,1044.0,1044.0,1044,1044,1047.0,1047.0,1047.0,1047.0,1047.0,1047.0,1047.0,1047.0,1047.0,1047.0,1047.0,1047.0,1050.0,1061.0,1047.0,1058.0,1058.0,1058.0,1050.0,1050.0,1047.0,1051.0,1050.0,1050.0,1050.0,1050.0,1050.0
Libya,1224.0,1226.0,1210.0,1217.0,1217.0,1217.0,1207.0,1207.0,1207,1207,1211.0,1215.0,1215.0,1215.0,1215.0,1215.0,1209.0,1178.0,1178.0,1178.0,1177.0,1156.0,1148.0,1175.0,1162.0,1151.0,1151.0,1150.0,1150.0,1150.0,1148.0,1148.0,1154.0,1157.0,1146.0,1131.0,1131.0
Liechtenstein,944.0,947.0,936.0,937.0,937.0,937.0,932.0,922.0,922,922,933.0,926.0,926.0,926.0,926.0,932.0,930.0,924.0,924.0,924.0,924.0,911.0,908.0,911.0,904.0,900.0,900.0,900.0,895.0,895.0,874.0,874.0,862.0,860.0,856.0,849.0,849.0
Lithuania,1130.0,1123.0,1117.0,1111.0,1111.0,1111.0,1102.0,1101.0,1101,1101,1086.0,1089.0,1089.0,1089.0,1089.0,1093.0,1105.0,1114.0,1114.0,1114.0,1114.0,1103.0,1097.0,1082.0,1098.0,1092.0,1092.0,1092.0,1092.0,1092.0,1074.0,1074.0,1070.0,1069.0,1069.0,1070.0,1070.0
Luxembourg,1286.0,1292.0,1287.0,1276.0,1276.0,1276.0,1277.0,1265.0,1265,1265,1248.0,1236.0,1236.0,1236.0,1236.0,1237.0,1247.0,1235.0,1235.0,1235.0,1235.0,1245.0,1239.0,1245.0,1234.0,1236.0,1236.0,1236.0,1230.0,1230.0,1235.0,1235.0,1244.0,1245.0,1246.0,1263.0,1263.0
Macau,924.0,925.0,925.0,925.0,925.0,925.0,925.0,922.0,922,922,922.0,922.0,922.0,922.0,922.0,922.0,922.0,922.0,922.0,922.0,922.0,922.0,922.0,922.0,922.0,922.0,922.0,922.0,922.0,922.0,922.0,922.0,922.0,922.0,918.0,914.0,914.0
Madagascar,1199.0,1205.0,1224.0,1209.0,1209.0,1209.0,1203.0,1251.0,1251,1251,1249.0,1267.0,1267.0,1267.0,1267.0,1267.0,1264.0,1257.0,1257.0,1257.0,1257.0,1238.0,1238.0,1211.0,1219.0,1206.0,1206.0,1206.0,1206.0,1206.0,1196.0,1194.0,1201.0,1201.0,1181.0,1186.0,1186.0
Malawi,1140.0,1129.0,1129.0,1115.0,1115.0,1115.0,1122.0,1131.0,1131,1131,1140.0,1141.0,1141.0,1141.0,1141.0,1141.0,1141.0,1140.0,1140.0,1140.0,1140.0,1162.0,1154.0,1160.0,1146.0,1127.0,1127.0,1145.0,1145.0,1145.0,1146.0,1145.0,1145.0,1145.0,1135.0,1133.0,1141.0
Malaysia,971.0,972.0,974.0,984.0,985.0,985.0,986.0,1009.0,1009,1009,1009.0,1040.0,1040.0,1040.0,1040.0,1040.0,1040.0,1040.0,1040.0,1040.0,1040.0,1040.0,1041.0,1041.0,1035.0,1035.0,1035.0,1035.0,1035.0,1035.0,1058.0,1058.0,1062.0,1067.0,1082.0,1092.0,1092.0
Maldives,1048.0,1049.0,1049.0,1046.0,1046.0,1046.0,1046.0,1044.0,1044,1044,1039.0,1038.0,1038.0,1038.0,1038.0,1038.0,1038.0,1038.0,1038.0,1038.0,1038.0,1038.0,1028.0,1028.0,1031.0,1022.0,1022.0,1022.0,1026.0,1026.0,1018.0,1018.0,1026.0,1021.0,1025.0,1025.0,1022.0
Mali,1360.0,1365.0,1352.0,1363.0,1363.0,1363.0,1365.0,1389.0,1389,1389,1386.0,1389.0,1389.0,1389.0,1389.0,1389.0,1394.0,1408.0,1408.0,1408.0,1412.0,1401.0,1393.0,1397.0,1412.0,1428.0,1428.0,1446.0,1437.0,1437.0,1448.0,1443.0,1449.0,1449.0,1431.0,1438.0,1438.0
Malta,928.0,928.0,927.0,926.0,926.0,926.0,943.0,939.0,939,939,924.0,919.0,919.0,919.0,919.0,917.0,934.0,951.0,951.0,951.0,951.0,956.0,952.0,963.0,964.0,959.0,959.0,959.0,972.0,972.0,975.0,975.0,978.0,979.0,973.0,973.0,973.0
Mauritania,1200.0,1217.0,1213.0,1222.0,1222.0,1222.0,1210.0,1205.0,1205,1205,1205.0,1223.0,1223.0,1223.0,1223.0,1223.0,1227.0,1207.0,1207.0,1207.0,1207.0,1225.0,1227.0,1201.0,1202.0,1190.0,1190.0,1153.0,1162.0,1162.0,1177.0,1182.0,1198.0,1198.0,1194.0,1205.0,1205.0
Mauritius,1028.0,1022.0,1022.0,1022.0,1022.0,1022.0,1022.0,1019.0,1019,1019,970.0,968.0,965.0,965.0,965.0,965.0,965.0,965.0,965.0,965.0,965.0,965.0,965.0,965.0,965.0,965.0,965.0,955.0,940.0,940.0,940.0,932.0,932.0,932.0,932.0,936.0,936.0
Mexico,1560.0,1550.0,1549.0,1540.0,1540.0,1540.0,1549.0,1604.0,1604,1604,1613.0,1621.0,1621.0,1621.0,1621.0,1621.0,1625.0,1632.0,1632.0,1632.0,1632.0,1630.0,1658.0,1666.0,1673.0,1639.0,1638.0,1648.0,1659.0,1659.0,1650.0,1650.0,1645.0,1636.0,1632.0,1639.0,1666.0
Moldova,957.0,958.0,969.0,979.0,979.0,979.0,974.0,985.0,985,985,963.0,959.0,959.0,959.0,959.0,959.0,954.0,950.0,950.0,950.0,950.0,948.0,954.0,940.0,934.0,928.0,928.0,927.0,933.0,933.0,945.0,945.0,961.0,959.0,973.0,991.0,991.0
Mongolia,920.0,922.0,923.0,915.0,915.0,915.0,915.0,914.0,914,914,915.0,906.0,906.0,906.0,906.0,906.0,906.0,906.0,906.0,906.0,906.0,897.0,917.0,917.0,917.0,917.0,917.0,917.0,911.0,911.0,914.0,914.0,914.0,914.0,912.0,909.0,909.0
Montenegro,1440.0,1444.0,1440.0,1427.0,1427.0,1427.0,1419.0,1401.0,1401,1401,1371.0,1365.0,1365.0,1365.0,1365.0,1376.0,1369.0,1370.0,1370.0,1370.0,1370.0,1368.0,1363.0,1353.0,1346.0,1343.0,1343.0,1343.0,1343.0,1343.0,1355.0,1355.0,1341.0,1339.0,1343.0,1343.0,1343.0
Montserrat,872.0,870.0,879.0,887.0,887.0,887.0,895.0,895.0,895,895,911.0,921.0,921.0,921.0,921.0,921.0,921.0,921.0,921.0,921.0,921.0,934.0,951.0,951.0,951.0,951.0,951.0,951.0,951.0,951.0,948.0,941.0,941.0,941.0,938.0,938.0,938.0
Morocco,1418.0,1425.0,1422.0,1440.0,1440.0,1440.0,1429.0,1461.0,1461,1461,1457.0,1456.0,1456.0,1456.0,1456.0,1456.0,1461.0,1474.0,1474.0,1474.0,1481.0,1479.0,1488.0,1493.0,1513.0,1526.0,1530.0,1547.0,1552.0,1552.0,1559.0,1558.0,1564.0,1672.0,1678.0,1656.0,1656.0
Mozambique,1176.0,1175.0,1151.0,1167.0,1167.0,1167.0,1166.0,1163.0,1163,1163,1186.0,1200.0,1200.0,1200.0,1200.0,1200.0,1200.0,1185.0,1185.0,1185.0,1185.0,1162.0,1166.0,1159.0,1145.0,1151.0,1151.0,1151.0,1146.0,1146.0,1161.0,1165.0,1165.0,1164.0,1155.0,1166.0,1164.0
Myanmar,1092.0,1092.0,1080.0,1085.0,1085.0,1085.0,1080.0,1084.0,1084,1084,1055.0,1081.0,1081.0,1081.0,1081.0,1081.0,1081.0,1081.0,1081.0,1081.0,1081.0,1081.0,1057.0,1057.0,1057.0,1053.0,1045.0,1045.0,1045.0,1045.0,1012.0,1012.0,1008.0,1006.0,998.0,1000.0,1000.0
N. Ireland,1492.0,1487.0,1472.0,1465.0,1465.0,1465.0,1481.0,1496.0,1496,1496,1483.0,1476.0,1476.0,1476.0,1476.0,1468.0,1458.0,1440.0,1440.0,1440.0,1440.0,1426.0,1422.0,1435.0,1412.0,1425.0,1425.0,1425.0,1424.0,1424.0,1399.0,1399.0,1397.0,1397.0,1386.0,1361.0,1361.0
Namibia,1166.0,1170.0,1192.0,1191.0,1191.0,1191.0,1181.0,1148.0,1148,1148,1163.0,1160.0,1160.0,1160.0,1160.0,1160.0,1162.0,1147.0,1147.0,1147.0,1143.0,1168.0,1172.0,1185.0,1176.0,1163.0,1163.0,1163.0,1163.0,1163.0,1161.0,1164.0,1164.0,1164.0,1190.0,1175.0,1172.0
Nepal,1004.0,1004.0,1001.0,1001.0,1001.0,1001.0,996.0,995.0,995,995,988.0,974.0,974.0,974.0,974.0,974.0,974.0,968.0,968.0,968.0,968.0,968.0,972.0,971.0,972.0,972.0,972.0,982.0,979.0,979.0,950.0,950.0,955.0,957.0,963.0,959.0,958.0
Netherlands,1540.0,1540.0,1550.0,1560.0,1560.0,1560.0,1554.0,1569.0,1569,1569,1602.0,1604.0,1604.0,1604.0,1604.0,1603.0,1596.0,1609.0,1609.0,1609.0,1609.0,1598.0,1637.0,1648.0,1652.0,1654.0,1654.0,1654.0,1659.0,1659.0,1679.0,1679.0,1695.0,1741.0,1731.0,1731.0,1731.0
New Caledonia,1032.0,1032.0,1032.0,1036.0,1036.0,1036.0,1026.0,1035.0,1035,1035,1035.0,1035.0,1035.0,1035.0,1035.0,1035.0,1035.0,1035.0,1035.0,1035.0,1035.0,1035.0,1035.0,1035.0,1035.0,1035.0,1035.0,1035.0,1000.0,1000.0,1000.0,1000.0,996.0,996.0,996.0,996.0,996.0
New Zealand,1157.0,1157.0,1157.0,1157.0,1157.0,1157.0,1157.0,1157.0,1157,1157,1157.0,1149.0,1149.0,1149.0,1149.0,1149.0,1149.0,1149.0,1149.0,1149.0,1149.0,1149.0,1149.0,1149.0,1162.0,1166.0,1166.0,1162.0,1206.0,1206.0,1199.0,1199.0,1194.0,1194.0,1201.0,1199.0,1199.0
Nicaragua,1116.0,1121.0,1125.0,1119.0,1119.0,1119.0,1120.0,1075.0,1075,1075,1077.0,1050.0,1050.0,1050.0,1051.0,1051.0,1055.0,1055.0,1055.0,1055.0,1055.0,1061.0,1064.0,1064.0,1064.0,1062.0,1062.0,1062.0,1062.0,1062.0,1079.0,1079.0,1072.0,1072.0,1079.0,1076.0,1076.0
Niger,1216.0,1207.0,1195.0,1205.0,1205.0,1205.0,1209.0,1209.0,1209,1209,1198.0,1179.0,1179.0,1179.0,1179.0,1179.0,1179.0,1173.0,1173.0,1173.0,1172.0,1166.0,1156.0,1156.0,1146.0,1158.0,1158.0,1158.0,1153.0,1153.0,1155.0,1155.0,1153.0,1149.0,1143.0,1130.0,1130.0
Nigeria,1410.0,1415.0,1431.0,1427.0,1427.0,1427.0,1435.0,1481.0,1481,1481,1481.0,1493.0,1493.0,1493.0,1493.0,1493.0,1488.0,1474.0,1474.0,1474.0,1474.0,1487.0,1480.0,1492.0,1478.0,1479.0,1479.0,1510.0,1504.0,1504.0,1505.0,1505.0,1498.0,1494.0,1481.0,1486.0,1486.0
North Korea,1196.0,1196.0,1191.0,1196.0,1196.0,1152.0,1152.0,1154.0,1154,1154,1182.0,1170.0,1170.0,1170.0,1170.0,1170.0,1170.0,1170.0,1170.0,1170.0,1170.0,1170.0,1170.0,1170.0,1170.0,1170.0,1170.0,1170.0,1170.0,1170.0,1170.0,1170.0,1170.0,1170.0,1170.0,1170.0,1170.0
North Macedonia,1336.0,1344.0,1338.0,1343.0,1343.0,1343.0,1350.0,1333.0,1333,1333,1344.0,1347.0,1347.0,1347.0,1347.0,1351.0,1356.0,1362.0,1362.0,1362.0,1362.0,1375.0,1343.0,1345.0,1343.0,1367.0,1367.0,1367.0,1381.0,1381.0,1375.0,1375.0,1359.0,1355.0,1363.0,1351.0,1351.0
Norway,1406.0,1405.0,1420.0,1425.0,1425.0,1425.0,1420.0,1429.0,1429,1429,1441.0,1451.0,1451.0,1451.0,1451.0,1452.0,1456.0,1450.0,1450.0,1450.0,1450.0,1452.0,1450.0,1462.0,1472.0,1455.0,1455.0,1455.0,1464.0,1464.0,1489.0,1489.0,1473.0,1475.0,1464.0,1458.0,1458.0
Oman,1288.0,1287.0,1287.0,1291.0,1295.0,1273.0,1277.0,1277.0,1277,1277,1289.0,1304.0,1303.0,1303.0,1303.0,1303.0,1303.0,1303.0,1303.0,1303.0,1303.0,1302.0,1305.0,1312.0,1314.0,1307.0,1306.0,1301.0,1324.0,1324.0,1323.0,1323.0,1320.0,1321.0,1334.0,1332.0,1332.0
Pakistan,884.0,890.0,890.0,888.0,888.0,888.0,888.0,867.0,867,867,867.0,867.0,867.0,867.0,867.0,867.0,867.0,867.0,867.0,867.0,867.0,867.0,867.0,867.0,867.0,867.0,867.0,867.0,867.0,867.0,867.0,867.0,867.0,865.0,861.0,852.0,848.0
Palestine,1230.0,1225.0,1233.0,1236.0,1236.0,1224.0,1224.0,1224.0,1224,1224,1226.0,1199.0,1204.0,1204.0,1204.0,1204.0,1204.0,1204.0,1204.0,1204.0,1206.0,1197.0,1216.0,1211.0,1211.0,1211.0,1209.0,1209.0,1209.0,1209.0,1234.0,1234.0,1234.0,1234.0,1239.0,1233.0,1233.0
Panama,1343.0,1339.0,1335.0,1326.0,1326.0,1324.0,1327.0,1331.0,1331,1331,1310.0,1304.0,1304.0,1304.0,1305.0,1305.0,1317.0,1311.0,1311.0,1311.0,1312.0,1322.0,1335.0,1359.0,1354.0,1379.0,1379.0,1376.0,1383.0,1383.0,1387.0,1389.0,1393.0,1392.0,1399.0,1399.0,1454.0
Papua N. Guinea,984.0,984.0,984.0,984.0,984.0,984.0,984.0,991.0,991,991,991.0,991.0,991.0,991.0,991.0,991.0,991.0,991.0,991.0,991.0,991.0,991.0,991.0,991.0,991.0,991.0,991.0,991.0,998.0,998.0,998.0,998.0,1007.0,1007.0,1007.0,1003.0,1003.0
Paraguay,1477.0,1477.0,1477.0,1476.0,1476.0,1476.0,1467.0,1464.0,1464,1464,1458.0,1461.0,1461.0,1461.0,1461.0,1461.0,1476.0,1476.0,1476.0,1476.0,1476.0,1476.0,1483.0,1484.0,1461.0,1455.0,1455.0,1441.0,1443.0,1443.0,1440.0,1440.0,1449.0,1445.0,1441.0,1443.0,1443.0
Peru,1535.0,1525.0,1530.0,1518.0,1518.0,1518.0,1516.0,1552.0,1552,1552,1548.0,1544.0,1544.0,1544.0,1544.0,1544.0,1533.0,1512.0,1512.0,1512.0,1512.0,1512.0,1543.0,1549.0,1534.0,1551.0,1551.0,1563.0,1562.0,1562.0,1562.0,1562.0,1561.0,1564.0,1561.0,1561.0,1561.0
Philippines,1172.0,1172.0,1171.0,1176.0,1171.0,1135.0,1135.0,1131.0,1131,1131,1134.0,1136.0,1136.0,1136.0,1136.0,1136.0,1136.0,1136.0,1136.0,1136.0,1136.0,1136.0,1132.0,1132.0,1132.0,1132.0,1130.0,1130.0,1118.0,1118.0,1114.0,1115.0,1115.0,1113.0,1098.0,1096.0,1096.0
Poland,1538.0,1537.0,1523.0,1518.0,1518.0,1518.0,1535.0,1550.0,1550,1550,1544.0,1559.0,1559.0,1559.0,1559.0,1558.0,1568.0,1559.0,1559.0,1559.0,1559.0,1550.0,1516.0,1532.0,1542.0,1531.0,1531.0,1531.0,1544.0,1544.0,1546.0,1546.0,1549.0,1560.0,1554.0,1537.0,1537.0
Portugal,1599.0,1606.0,1616.0,1614.0,1614.0,1614.0,1607.0,1631.0,1631,1631,1632.0,1639.0,1639.0,1639.0,1639.0,1653.0,1661.0,1662.0,1662.0,1662.0,1662.0,1666.0,1662.0,1675.0,1682.0,1660.0,1660.0,1660.0,1675.0,1675.0,1679.0,1679.0,1677.0,1703.0,1707.0,1718.0,1718.0
Puerto Rico,960.0,955.0,955.0,948.0,948.0,948.0,940.0,940.0,940,940,940.0,941.0,941.0,941.0,941.0,941.0,941.0,941.0,941.0,941.0,942.0,939.0,963.0,963.0,963.0,963.0,963.0,963.0,963.0,963.0,974.0,974.0,974.0,974.0,985.0,994.0,994.0
Qatar,1236.0,1247.0,1248.0,1258.0,1258.0,1398.0,1398.0,1375.0,1375,1375,1391.0,1398.0,1396.0,1396.0,1396.0,1396.0,1391.0,1387.0,1391.0,1391.0,1391.0,1398.0,1455.0,1446.0,1438.0,1431.0,1438.0,1438.0,1441.0,1441.0,1441.0,1442.0,1440.0,1394.0,1389.0,1394.0,1396.0
Romania,1490.0,1489.0,1491.0,1501.0,1501.0,1501.0,1496.0,1497.0,1497,1497,1495.0,1475.0,1475.0,1475.0,1475.0,1483.0,1455.0,1466.0,1466.0,1466.0,1466.0,1449.0,1440.0,1452.0,1452.0,1453.0,1453.0,1453.0,1447.0,1447.0,1428.0,1428.0,1435.0,1433.0,1445.0,1444.0,1444.0
Russia,1410.0,1423.0,1433.0,1424.0,1424.0,1424.0,1425.0,1436.0,1436,1436,1474.0,1470.0,1470.0,1470.0,1470.0,1485.0,1480.0,1461.0,1461.0,1461.0,1461.0,1463.0,1462.0,1475.0,1497.0,1493.0,1493.0,1493.0,1493.0,1493.0,1493.0,1493.0,1496.0,1491.0,1496.0,1496.0,1496.0
Rwanda,1100.0,1093.0,1092.0,1094.0,1094.0,1094.0,1088.0,1088.0,1088,1088,1106.0,1089.0,1089.0,1089.0,1089.0,1089.0,1089.0,1099.0,1099.0,1099.0,1103.0,1124.0,1134.0,1129.0,1112.0,1095.0,1095.0,1097.0,1097.0,1097.0,1095.0,1095.0,1094.0,1094.0,1101.0,1089.0,1089.0
Saint Lucia,972.0,982.0,977.0,976.0,976.0,976.0,975.0,975.0,975,975,953.0,953.0,953.0,953.0,953.0,953.0,953.0,953.0,953.0,953.0,953.0,953.0,953.0,953.0,953.0,953.0,953.0,953.0,953.0,953.0,966.0,966.0,966.0,965.0,979.0,979.0,979.0
Samoa,896.0,896.0,896.0,896.0,896.0,896.0,896.0,894.0,894,894,894.0,894.0,894.0,894.0,894.0,894.0,894.0,894.0,894.0,894.0,894.0,894.0,894.0,894.0,894.0,894.0,894.0,894.0,894.0,894.0,894.0,894.0,894.0,894.0,894.0,894.0,894.0
San Marino,876.0,871.0,862.0,854.0,854.0,854.0,848.0,839.0,839,839,831.0,824.0,824.0,824.0,824.0,811.0,812.0,810.0,810.0,810.0,810.0,805.0,802.0,791.0,783.0,780.0,780.0,780.0,777.0,777.0,764.0,764.0,762.0,763.0,759.0,753.0,753.0
Saudi Arabia,1336.0,1337.0,1334.0,1335.0,1335.0,1344.0,1342.0,1342.0,1342,1342,1339.0,1351.0,1351.0,1351.0,1351.0,1351.0,1351.0,1353.0,1353.0,1353.0,1353.0,1364.0,1386.0,1406.0,1432.0,1441.0,1435.0,1434.0,1445.0,1445.0,1436.0,1436.0,1438.0,1438.0,1421.0,1421.0,1421.0
Scotland,1444.0,1448.0,1435.0,1446.0,1446.0,1446.0,1446.0,1433.0,1433,1433,1406.0,1422.0,1422.0,1422.0,1422.0,1428.0,1446.0,1436.0,1436.0,1436.0,1436.0,1441.0,1425.0,1436.0,1451.0,1472.0,1472.0,1472.0,1473.0,1473.0,1463.0,1463.0,1480.0,1477.0,1501.0,1520.0,1520.0
Senegal,1498.0,1492.0,1501.0,1505.0,1505.0,1505.0,1515.0,1550.0,1550,1550,1546.0,1555.0,1555.0,1555.0,1555.0,1555.0,1549.0,1558.0,1558.0,1558.0,1558.0,1542.0,1545.0,1555.0,1565.0,1562.0,1562.0,1588.0,1584.0,1584.0,1593.0,1585.0,1584.0,1604.0,1613.0,1613.0,1613.0
Serbia,1459.0,1463.0,1471.0,1481.0,1481.0,1481.0,1484.0,1477.0,1477,1477,1485.0,1494.0,1494.0,1494.0,1494.0,1486.0,1489.0,1495.0,1495.0,1495.0,1492.0,1513.0,1507.0,1516.0,1527.0,1547.0,1547.0,1547.0,1548.0,1548.0,1550.0,1550.0,1564.0,1526.0,1542.0,1539.0,1539.0
Seychelles,916.0,913.0,917.0,911.0,911.0,911.0,908.0,904.0,904,904,868.0,868.0,866.0,866.0,866.0,866.0,866.0,866.0,866.0,866.0,866.0,866.0,866.0,863.0,863.0,870.0,871.0,871.0,867.0,867.0,867.0,860.0,860.0,860.0,860.0,860.0,857.0
Sierra Leone,1188.0,1172.0,1172.0,1172.0,1172.0,1172.0,1172.0,1172.0,1172,1172,1167.0,1155.0,1155.0,1155.0,1155.0,1155.0,1151.0,1165.0,1165.0,1165.0,1165.0,1163.0,1178.0,1178.0,1180.0,1174.0,1174.0,1174.0,1174.0,1174.0,1168.0,1170.0,1160.0,1160.0,1162.0,1156.0,1156.0
Singapore,976.0,982.0,991.0,991.0,991.0,991.0,998.0,999.0,999,999,1008.0,1020.0,1020.0,1020.0,1020.0,1020.0,1020.0,1020.0,1020.0,1020.0,1020.0,1020.0,1000.0,1000.0,1000.0,997.0,1003.0,1001.0,1001.0,1001.0,1001.0,1001.0,1001.0,1001.0,1001.0,1001.0,1001.0
Slovakia,1493.0,1491.0,1483.0,1483.0,1483.0,1483.0,1482.0,1491.0,1491,1491,1493.0,1490.0,1490.0,1490.0,1490.0,1479.0,1466.0,1478.0,1478.0,1478.0,1478.0,1475.0,1467.0,1463.0,1454.0,1455.0,1455.0,1455.0,1455.0,1455.0,1440.0,1440.0,1426.0,1426.0,1434.0,1447.0,1447.0
Slovenia,1392.0,1376.0,1367.0,1369.0,1369.0,1369.0,1366.0,1363.0,1363,1363,1367.0,1365.0,1365.0,1365.0,1365.0,1368.0,1376.0,1379.0,1379.0,1379.0,1379.0,1370.0,1371.0,1370.0,1365.0,1375.0,1375.0,1375.0,1378.0,1378.0,1372.0,1372.0,1384.0,1389.0,1398.0,1391.0,1391.0
Solomon Islands,1072.0,1073.0,1073.0,1073.0,1073.0,1073.0,1083.0,1073.0,1073,1073,1073.0,1073.0,1073.0,1073.0,1073.0,1073.0,1073.0,1073.0,1073.0,1073.0,1073.0,1073.0,1073.0,1073.0,1073.0,1073.0,1073.0,1073.0,1093.0,1093.0,1093.0,1093.0,1096.0,1096.0,1104.0,1098.0,1098.0
Somalia,868.0,868.0,868.0,868.0,868.0,868.0,868.0,868.0,868,868,879.0,879.0,879.0,879.0,879.0,879.0,879.0,879.0,879.0,879.0,879.0,879.0,874.0,874.0,874.0,874.0,874.0,874.0,857.0,857.0,857.0,855.0,855.0,855.0,855.0,855.0,855.0
South Africa,1327.0,1325.0,1321.0,1325.0,1325.0,1325.0,1335.0,1338.0,1338,1338,1337.0,1334.0,1334.0,1334.0,1334.0,1334.0,1332.0,1341.0,1341.0,1341.0,1341.0,1326.0,1338.0,1349.0,1362.0,1358.0,1358.0,1358.0,1356.0,1356.0,1348.0,1351.0,1350.0,1350.0,1350.0,1369.0,1368.0
South Korea,1387.0,1395.0,1401.0,1405.0,1405.0,1451.0,1462.0,1467.0,1467,1467,1466.0,1459.0,1464.0,1464.0,1464.0,1464.0,1464.0,1465.0,1465.0,1465.0,1465.0,1460.0,1475.0,1479.0,1489.0,1507.0,1507.0,1523.0,1520.0,1520.0,1526.0,1526.0,1530.0,1539.0,1536.0,1529.0,1529.0
South Sudan,1024.0,1019.0,1005.0,994.0,994.0,994.0,989.0,989.0,989,989,997.0,983.0,983.0,983.0,983.0,983.0,983.0,998.0,998.0,998.0,998.0,984.0,983.0,983.0,980.0,980.0,980.0,978.0,998.0,998.0,986.0,984.0,984.0,984.0,993.0,983.0,983.0
Spain,1580.0,1597.0,1594.0,1591.0,1591.0,1591.0,1601.0,1617.0,1617,1617,1625.0,1636.0,1636.0,1636.0,1636.0,1642.0,1639.0,1645.0,1645.0,1645.0,1645.0,1648.0,1680.0,1674.0,1688.0,1705.0,1705.0,1705.0,1709.0,1709.0,1717.0,1717.0,1715.0,1693.0,1683.0,1703.0,1703.0
Sri Lanka,888.0,890.0,886.0,886.0,886.0,886.0,886.0,886.0,886,886,864.0,856.0,853.0,853.0,853.0,853.0,853.0,853.0,853.0,853.0,853.0,853.0,847.0,847.0,840.0,843.0,843.0,843.0,843.0,843.0,825.0,825.0,825.0,825.0,825.0,825.0,825.0
St. Kitts/Nevis,1104.0,1109.0,1109.0,1105.0,1105.0,1105.0,1096.0,1096.0,1096,1096,1076.0,1074.0,1074.0,1074.0,1074.0,1074.0,1074.0,1074.0,1074.0,1074.0,1074.0,1091.0,1078.0,1078.0,1078.0,1078.0,1078.0,1078.0,1072.0,1072.0,1077.0,1077.0,1077.0,1077.0,1081.0,1092.0,1067.0
St. Vincent,960.0,955.0,955.0,946.0,946.0,946.0,954.0,954.0,954,954,986.0,986.0,986.0,986.0,986.0,986.0,986.0,986.0,986.0,986.0,986.0,989.0,961.0,961.0,961.0,961.0,961.0,961.0,961.0,961.0,940.0,940.0,945.0,945.0,938.0,938.0,938.0
Sudan,1128.0,1114.0,1105.0,1120.0,1120.0,1120.0,1106.0,1106.0,1106,1106,1111.0,1112.0,1112.0,1112.0,1112.0,1112.0,1110.0,1124.0,1124.0,1124.0,1124.0,1149.0,1148.0,1131.0,1140.0,1136.0,1132.0,1118.0,1118.0,1118.0,1125.0,1125.0,1127.0,1127.0,1133.0,1116.0,1116.0
Suriname,1036.0,1035.0,1040.0,1037.0,1037.0,1037.0,1045.0,1045.0,1045,1045,1052.0,1073.0,1073.0,1073.0,1073.0,1073.0,1073.0,1073.0,1073.0,1073.0,1073.0,1089.0,1078.0,1078.0,1078.0,1078.0,1078.0,1078.0,1073.0,1073.0,1072.0,1072.0,1077.0,1077.0,1076.0,1074.0,1074.0
Sweden,1565.0,1550.0,1548.0,1560.0,1560.0,1560.0,1567.0,1558.0,1558,1558,1563.0,1579.0,1579.0,1579.0,1579.0,1567.0,1558.0,1558.0,1558.0,1558.0,1558.0,1570.0,1607.0,1606.0,1619.0,1588.0,1588.0,1588.0,1585.0,1585.0,1563.0,1563.0,1553.0,1558.0,1559.0,1547.0,1547.0
Switzerland,1597.0,1598.0,1598.0,1599.0,1599.0,1599.0,1604.0,1605.0,1605,1605,1601.0,1608.0,1608.0,1608.0,1608.0,1600.0,1589.0,1586.0,1593.0,1593.0,1593.0,1606.0,1621.0,1623.0,1634.0,1643.0,1643.0,1643.0,1635.0,1635.0,1621.0,1621.0,1636.0,1655.0,1664.0,1661.0,1661.0
Syria,1328.0,1322.0,1320.0,1322.0,1322.0,1286.0,1286.0,1277.0,1277,1277,1292.0,1314.0,1314.0,1314.0,1314.0,1314.0,1314.0,1313.0,1313.0,1313.0,1313.0,1304.0,1303.0,1297.0,1275.0,1270.0,1269.0,1251.0,1265.0,1265.0,1265.0,1265.0,1256.0,1251.0,1247.0,1242.0,1242.0
São Tomé and P.,920.0,920.0,920.0,920.0,920.0,920.0,920.0,920.0,920,920,934.0,923.0,923.0,923.0,923.0,923.0,923.0,914.0,914.0,914.0,914.0,903.0,903.0,903.0,903.0,903.0,903.0,903.0,918.0,918.0,908.0,908.0,908.0,908.0,907.0,900.0,900.0
Tahiti,1020.0,1020.0,1020.0,1020.0,1020.0,1020.0,1020.0,1014.0,1014,1014,1014.0,1014.0,1014.0,1014.0,1014.0,1014.0,1014.0,1014.0,1014.0,1014.0,1014.0,1014.0,1014.0,1014.0,1014.0,1014.0,1014.0,1014.0,995.0,995.0,995.0,995.0,995.0,995.0,995.0,995.0,995.0
Tajikistan,1156.0,1156.0,1161.0,1161.0,1158.0,1155.0,1155.0,1152.0,1152,1152,1168.0,1152.0,1152.0,1152.0,1152.0,1148.0,1148.0,1143.0,1143.0,1143.0,1144.0,1151.0,1158.0,1158.0,1158.0,1153.0,1153.0,1153.0,1159.0,1159.0,1179.0,1179.0,1186.0,1187.0,1182.0,1180.0,1180.0
Tanzania,1084.0,1089.0,1101.0,1087.0,1087.0,1087.0,1105.0,1075.0,1075,1075,1084.0,1086.0,1086.0,1086.0,1086.0,1086.0,1081.0,1085.0,1085.0,1085.0,1087.0,1088.0,1094.0,1115.0,1124.0,1119.0,1119.0,1119.0,1124.0,1124.0,1119.0,1122.0,1120.0,1120.0,1126.0,1139.0,1139.0
Thailand,1144.0,1144.0,1154.0,1161.0,1160.0,1169.0,1174.0,1165.0,1165,1165,1193.0,1178.0,1178.0,1178.0,1178.0,1178.0,1178.0,1178.0,1178.0,1178.0,1178.0,1178.0,1149.0,1149.0,1149.0,1149.0,1156.0,1160.0,1168.0,1168.0,1171.0,1171.0,1175.0,1173.0,1172.0,1174.0,1174.0
The Gambia,964.0,972.0,967.0,986.0,986.0,986.0,994.0,1006.0,1006,1006,990.0,1015.0,1015.0,1015.0,1015.0,1015.0,1022.0,1034.0,1034.0,1034.0,1034.0,1043.0,1053.0,1053.0,1054.0,1050.0,1050.0,1135.0,1138.0,1138.0,1137.0,1137.0,1137.0,1138.0,1151.0,1160.0,1160.0
Timor-Leste,912.0,909.0,910.0,900.0,900.0,900.0,900.0,879.0,879,879,879.0,879.0,879.0,879.0,879.0,879.0,879.0,879.0,879.0,879.0,879.0,879.0,879.0,879.0,879.0,879.0,873.0,865.0,865.0,865.0,861.0,860.0,860.0,860.0,860.0,860.0,860.0
Togo,1136.0,1139.0,1144.0,1136.0,1136.0,1136.0,1127.0,1127.0,1127,1127,1140.0,1127.0,1127.0,1127.0,1127.0,1127.0,1127.0,1115.0,1115.0,1115.0,1115.0,1104.0,1106.0,1091.0,1111.0,1133.0,1133.0,1133.0,1140.0,1140.0,1130.0,1130.0,1129.0,1129.0,1130.0,1141.0,1141.0
Tonga,868.0,868.0,868.0,868.0,868.0,868.0,868.0,862.0,862,862,862.0,862.0,862.0,862.0,862.0,862.0,862.0,862.0,862.0,862.0,862.0,862.0,862.0,862.0,862.0,862.0,862.0,862.0,862.0,862.0,862.0,862.0,862.0,862.0,862.0,862.0,862.0
Trinidad,1264.0,1269.0,1263.0,1260.0,1260.0,1260.0,1258.0,1226.0,1226,1226,1213.0,1201.0,1201.0,1201.0,1201.0,1201.0,1201.0,1201.0,1201.0,1201.0,1200.0,1201.0,1208.0,1208.0,1208.0,1208.0,1208.0,1206.0,1204.0,1204.0,1206.0,1206.0,1195.0,1195.0,1198.0,1203.0,1200.0
Tunisia,1498.0,1503.0,1515.0,1493.0,1493.0,1493.0,1491.0,1496.0,1496,1496,1495.0,1506.0,1506.0,1506.0,1506.0,1506.0,1507.0,1503.0,1503.0,1503.0,1503.0,1513.0,1515.0,1527.0,1525.0,1512.0,1513.0,1490.0,1500.0,1500.0,1508.0,1508.0,1508.0,1526.0,1536.0,1517.0,1517.0
Turkey,1455.0,1456.0,1449.0,1443.0,1443.0,1443.0,1457.0,1467.0,1467,1467,1490.0,1494.0,1494.0,1494.0,1494.0,1485.0,1486.0,1487.0,1487.0,1487.0,1487.0,1505.0,1464.0,1455.0,1461.0,1473.0,1473.0,1473.0,1462.0,1462.0,1475.0,1475.0,1460.0,1465.0,1466.0,1484.0,1484.0
Turkmenistan,1120.0,1120.0,1120.0,1120.0,1120.0,1089.0,1089.0,1091.0,1091,1091,1084.0,1107.0,1107.0,1107.0,1107.0,1107.0,1107.0,1107.0,1107.0,1107.0,1107.0,1107.0,1118.0,1118.0,1118.0,1118.0,1118.0,1118.0,1118.0,1118.0,1100.0,1100.0,1100.0,1100.0,1095.0,1090.0,1090.0
Turks-Caicos,868.0,862.0,855.0,864.0,864.0,864.0,862.0,862.0,862,862,862.0,862.0,862.0,862.0,862.0,862.0,862.0,862.0,862.0,862.0,862.0,844.0,840.0,840.0,840.0,840.0,840.0,840.0,840.0,840.0,832.0,832.0,832.0,832.0,839.0,839.0,839.0
U. A. E.,1312.0,1308.0,1305.0,1309.0,1309.0,1355.0,1360.0,1360.0,1360,1360,1353.0,1338.0,1334.0,1334.0,1334.0,1334.0,1329.0,1326.0,1326.0,1326.0,1326.0,1330.0,1362.0,1358.0,1349.0,1350.0,1350.0,1353.0,1357.0,1357.0,1346.0,1346.0,1338.0,1338.0,1336.0,1336.0,1336.0
US Virgin,892.0,889.0,887.0,881.0,881.0,881.0,888.0,888.0,888,888,856.0,844.0,844.0,844.0,844.0,844.0,844.0,844.0,844.0,844.0,844.0,829.0,816.0,816.0,816.0,816.0,816.0,816.0,816.0,816.0,824.0,824.0,824.0,824.0,817.0,817.0,817.0
USA,1508.0,1510.0,1506.0,1497.0,1497.0,1501.0,1506.0,1548.0,1548,1548,1530.0,1540.0,1542.0,1542.0,1542.0,1542.0,1542.0,1545.0,1545.0,1545.0,1548.0,1555.0,1648.0,1643.0,1639.0,1647.0,1649.0,1643.0,1634.0,1634.0,1635.0,1635.0,1627.0,1653.0,1654.0,1673.0,1674.0
Uganda,1296.0,1291.0,1306.0,1320.0,1320.0,1320.0,1302.0,1305.0,1305,1305,1311.0,1321.0,1321.0,1321.0,1321.0,1321.0,1321.0,1307.0,1307.0,1307.0,1301.0,1287.0,1282.0,1280.0,1297.0,1285.0,1285.0,1279.0,1276.0,1276.0,1265.0,1265.0,1261.0,1261.0,1257.0,1250.0,1250.0
Ukraine,1468.0,1483.0,1490.0,1482.0,1482.0,1482.0,1493.0,1513.0,1513,1513,1536.0,1537.0,1537.0,1537.0,1537.0,1539.0,1539.0,1528.0,1521.0,1521.0,1521.0,1515.0,1523.0,1520.0,1527.0,1535.0,1535.0,1535.0,1535.0,1535.0,1543.0,1543.0,1537.0,1537.0,1530.0,1541.0,1541.0
Uruguay,1627.0,1632.0,1617.0,1609.0,1609.0,1609.0,1613.0,1637.0,1637,1637,1642.0,1645.0,1645.0,1645.0,1645.0,1645.0,1637.0,1639.0,1639.0,1639.0,1639.0,1639.0,1635.0,1645.0,1626.0,1597.0,1597.0,1614.0,1636.0,1636.0,1644.0,1641.0,1639.0,1627.0,1631.0,1633.0,1633.0
Uzbekistan,1247.0,1245.0,1254.0,1251.0,1251.0,1275.0,1279.0,1286.0,1286,1286,1287.0,1289.0,1289.0,1289.0,1286.0,1290.0,1292.0,1283.0,1283.0,1283.0,1283.0,1281.0,1284.0,1282.0,1280.0,1275.0,1275.0,1277.0,1287.0,1287.0,1307.0,1307.0,1310.0,1313.0,1318.0,1328.0,1328.0
Venezuela,1476.0,1476.0,1479.0,1478.0,1478.0,1478.0,1484.0,1505.0,1505,1505,1512.0,1517.0,1517.0,1517.0,1517.0,1517.0,1493.0,1501.0,1501.0,1501.0,1501.0,1501.0,1463.0,1434.0,1432.0,1409.0,1409.0,1411.0,1398.0,1398.0,1405.0,1405.0,1404.0,1406.0,1410.0,1417.0,1417.0
Vietnam,1220.0,1220.0,1220.0,1224.0,1229.0,1227.0,1227.0,1232.0,1232,1232,1245.0,1258.0,1258.0,1258.0,1258.0,1258.0,1258.0,1258.0,1258.0,1258.0,1258.0,1258.0,1261.0,1244.0,1223.0,1209.0,1213.0,1219.0,1215.0,1215.0,1219.0,1219.0,1227.0,1229.0,1230.0,1238.0,1238.0
Wales,1536.0,1536.0,1538.0,1525.0,1525.0,1525.0,1539.0,1514.0,1514,1514,1524.0,1540.0,1540.0,1540.0,1540.0,1550.0,1550.0,1562.0,1562.0,1562.0,1562.0,1570.0,1567.0,1564.0,1567.0,1578.0,1578.0,1578.0,1588.0,1588.0,1582.0,1582.0,1570.0,1530.0,1539.0,1506.0,1506.0
Yemen,1112.0,1112.0,1112.0,1106.0,1106.0,1073.0,1073.0,1073.0,1073,1073,1070.0,1072.0,1071.0,1071.0,1071.0,1071.0,1071.0,1071.0,1071.0,1071.0,1071.0,1071.0,1046.0,1046.0,1046.0,1046.0,1046.0,1046.0,1046.0,1046.0,1024.0,1024.0,1024.0,1024.0,1020.0,1020.0,1020.0
Zambia,1315.0,1316.0,1308.0,1292.0,1292.0,1292.0,1302.0,1299.0,1299,1299,1299.0,1277.0,1279.0,1279.0,1279.0,1279.0,1274.0,1266.0,1265.0,1265.0,1265.0,1280.0,1276.0,1280.0,1261.0,1265.0,1265.0,1265.0,1267.0,1267.0,1268.0,1271.0,1267.0,1265.0,1281.0,1290.0,1294.0
Zimbabwe,1164.0,1167.0,1191.0,1175.0,1175.0,1175.0,1190.0,1174.0,1174,1174,1167.0,1180.0,1180.0,1180.0,1180.0,1180.0,1180.0,1181.0,1181.0,1181.0,1176.0,1176.0,1172.0,1161.0,1147.0,1138.0,1138.0,1139.0,1139.0,1139.0,1139.0,1139.0,1139.0,1139.0,1139.0,1139.0,1139.0
