name,2018-08-16,2018-09-20,2018-10-25,2018-11-29,2018-12-20,2019-02-08,2019-04-04,2019-07-25,2019-09-10,2019-09-11,2019-10-24,2019-11-28,2020-02-20,2020-03-24,2020-07-23,2020-09-17,2020-10-22,2020-11-27,2020-12-10,2021-02-03,2021-02-18,2021-06-15,2021-08-12,2021-10-20,2021-10-21,2021-11-19,2021-12-23,2022-02-10,2022-03-31,2022-06-06,2022-06-23,2022-09-20,2022-10-06,2023-01-09,2023-04-06,2023-06-29,2023-07-20,2023-09-01 00:00:00,2023-10-01 00:00:00,2023-11-01 00:00:00,2023-12-01 00:00:00,2024-01-01 00:00:00,2024-02-01 00:00:00,2024-03-01 00:00:00,2024-04-01 00:00:00,2024-05-01 00:00:00,2024-06-01 00:00:00,2024-07-01 00:00:00,2024-08-01 00:00:00,2024-09-01 00:00:00,2024-10-01 00:00:00,2024-11-01 00:00:00
A. Samoa,908.0,908.0,908.0,908.0,908.0,908.0,908.0,900.0,900,900,900.0,900.0,900.0,900.0,900.0,900.0,900.0,900.0,900.0,900.0,900.0,900.0,900.0,900.0,900.0,900.0,900.0,900.0,900.0,900.0,900.0,900.0,900.0,900.0,900.0,900.0,900.0,900.1,909.4,907.0,908.5,908.8,906.3,905.9,898.6,900.4,898.5,900.0,899.6,900.7,899.4,899.5
Afghanistan,1068.0,1068.0,1068.0,1068.0,1068.0,1066.0,1057.0,1058.0,1058,1058,1054.0,1052.0,1052.0,1052.0,1052.0,1052.0,1052.0,1052.0,1052.0,1052.0,1052.0,1052.0,1045.0,1045.0,1045.0,1050.0,1050.0,1050.0,1050.0,1050.0,1023.0,1023.0,1023.0,1023.0,1023.0,1020.0,1020.0,1020.0,1063.9,1066.0,1064.9,1066.6,1065.8,1057.3,1058.4,1058.5,1058.4,1053.4,1052.4,1051.1,1051.1,1053.3
Albania,1384.0,1383.0,1372.0,1372.0,1372.0,1372.0,1368.0,1362.0,1362,1362,1367.0,1356.0,1356.0,1356.0,1356.0,1351.0,1345.0,1360.0,1360.0,1360.0,1360.0,1362.0,1360.0,1369.0,1374.0,1375.0,1375.0,1375.0,1372.0,1372.0,1362.0,1362.0,1354.0,1353.0,1345.0,1357.0,1357.0,1358.7,1375.5,1381.0,1365.7,1375.7,1368.4,1371.3,1362.0,1361.2,1362.7,1367.2,1359.3,1353.6,1356.0,1355.4
Algeria,1351.0,1343.0,1339.0,1347.0,1347.0,1349.0,1348.0,1463.0,1463,1463,1469.0,1482.0,1482.0,1482.0,1482.0,1482.0,1489.0,1488.0,1488.0,1488.0,1488.0,1487.0,1499.0,1499.0,1509.0,1509.0,1517.0,1461.0,1461.0,1461.0,1481.0,1481.0,1489.0,1487.0,1504.0,1511.0,1511.0,1510.8,1351.6,1339.5,1347.8,1346.7,1350.8,1347.3,1462.8,1462.7,1462.3,1470.6,1482.5,1480.7,1483.0,1481.7
Andorra,1120.0,1121.0,1109.0,1111.0,1111.0,1111.0,1099.0,1082.0,1082,1082,1080.0,1082.0,1082.0,1082.0,1082.0,1076.0,1065.0,1048.0,1048.0,1048.0,1048.0,1035.0,1032.0,1033.0,1039.0,1030.0,1030.0,1030.0,1040.0,1040.0,1029.0,1029.0,1035.0,1031.0,1031.0,1022.0,1022.0,1022.5,1160.0,1104.5,1110.8,1111.9,1111.2,1100.2,1080.5,1081.8,1080.7,1080.6,1081.1,1084.5,1083.0,1080.7
Angola,1096.0,1108.0,1113.0,1131.0,1131.0,1131.0,1142.0,1144.0,1144,1144,1161.0,1136.0,1136.0,1136.0,1136.0,1136.0,1136.0,1134.0,1134.0,1134.0,1134.0,1136.0,1136.0,1118.0,1124.0,1132.0,1132.0,1132.0,1132.0,1132.0,1145.0,1149.0,1156.0,1159.0,1159.0,1171.0,1169.0,1170.6,1111.5,1117.7,1131.4,1132.0,1131.5,1138.7,1140.8,1142.0,1142.3,1155.9,1135.8,1139.4,1135.7,1136.3
Anguilla,868.0,868.0,864.0,864.0,864.0,864.0,857.0,857.0,857,857,831.0,821.0,821.0,821.0,821.0,821.0,821.0,821.0,821.0,821.0,821.0,805.0,792.0,792.0,792.0,792.0,792.0,792.0,792.0,792.0,791.0,791.0,791.0,791.0,786.0,786.0,786.0,785.9,895.8,864.2,862.9,863.4,862.4,855.9,856.1,856.7,856.5,829.7,821.4,820.0,820.0,821.0
Antigua and B.,1132.0,1122.0,1126.0,1126.0,1126.0,1126.0,1136.0,1136.0,1136,1136,1129.0,1127.0,1127.0,1127.0,1127.0,1127.0,1127.0,1127.0,1127.0,1127.0,1127.0,1129.0,1131.0,1131.0,1131.0,1131.0,1131.0,1131.0,1131.0,1131.0,1117.0,1117.0,1117.0,1117.0,1108.0,1108.0,1108.0,1108.5,1118.8,1127.6,1126.7,1125.6,1125.4,1135.6,1136.8,1137.8,1135.5,1128.8,1126.6,1127.1,1128.5,1128.3
Argentina,1574.0,1575.0,1573.0,1582.0,1582.0,1582.0,1580.0,1610.0,1610,1610,1617.0,1623.0,1623.0,1623.0,1623.0,1623.0,1636.0,1642.0,1642.0,1642.0,1642.0,1642.0,1714.0,1725.0,1739.0,1751.0,1751.0,1767.0,1765.0,1765.0,1771.0,1771.0,1774.0,1838.0,1841.0,1844.0,1844.0,1850.5,1543.5,1573.4,1564.2,1595.0,1574.2,1587.5,1602.3,1614.1,1607.7,1620.0,1619.6,1624.9,1621.4,1623.1
Armenia,1227.0,1225.0,1222.0,1222.0,1222.0,1222.0,1206.0,1230.0,1230,1230,1226.0,1213.0,1213.0,1213.0,1213.0,1215.0,1215.0,1233.0,1233.0,1233.0,1233.0,1273.0,1274.0,1262.0,1257.0,1242.0,1242.0,1242.0,1245.0,1245.0,1242.0,1242.0,1234.0,1232.0,1224.0,1253.0,1253.0,1250.3,1227.2,1223.4,1225.3,1224.4,1223.4,1211.2,1232.4,1231.5,1230.1,1227.0,1217.1,1218.2,1216.4,1219.0
Aruba,916.0,924.0,924.0,916.0,916.0,916.0,909.0,909.0,909,909,885.0,867.0,867.0,867.0,867.0,867.0,867.0,867.0,867.0,867.0,867.0,850.0,860.0,860.0,860.0,860.0,860.0,860.0,860.0,860.0,855.0,855.0,855.0,855.0,851.0,851.0,851.0,851.7,935.2,923.2,916.7,915.5,914.6,909.2,908.6,907.6,910.9,883.0,865.2,867.3,867.3,866.4
Australia,1431.0,1431.0,1432.0,1436.0,1436.0,1441.0,1441.0,1436.0,1436,1436,1450.0,1457.0,1457.0,1457.0,1457.0,1457.0,1457.0,1457.0,1457.0,1457.0,1457.0,1457.0,1477.0,1494.0,1490.0,1485.0,1485.0,1487.0,1462.0,1462.0,1484.0,1484.0,1489.0,1534.0,1533.0,1530.0,1530.0,1527.1,1390.5,1456.7,1419.0,1449.3,1430.0,1449.3,1429.1,1442.9,1430.2,1454.8,1454.0,1459.1,1455.3,1458.6
Austria,1502.0,1499.0,1502.0,1509.0,1509.0,1509.0,1479.0,1498.0,1498,1498,1520.0,1507.0,1507.0,1507.0,1507.0,1505.0,1523.0,1531.0,1531.0,1531.0,1531.0,1523.0,1535.0,1505.0,1501.0,1512.0,1512.0,1512.0,1500.0,1500.0,1502.0,1502.0,1493.0,1497.0,1508.0,1528.0,1528.0,1523.5,1503.2,1505.3,1510.7,1507.9,1508.9,1490.4,1502.8,1500.8,1501.1,1514.7,1508.7,1507.4,1506.8,1507.9
Azerbaijan,1207.0,1202.0,1207.0,1206.0,1206.0,1206.0,1202.0,1188.0,1188,1188,1189.0,1177.0,1177.0,1177.0,1177.0,1179.0,1175.0,1180.0,1180.0,1180.0,1180.0,1169.0,1166.0,1158.0,1147.0,1139.0,1139.0,1139.0,1127.0,1127.0,1127.0,1127.0,1147.0,1152.0,1142.0,1143.0,1143.0,1143.8,1209.9,1206.8,1205.9,1208.0,1206.1,1200.9,1185.8,1186.0,1189.3,1190.4,1175.4,1178.1,1175.8,1177.2
B. Virgin,872.0,872.0,867.0,867.0,867.0,867.0,867.0,867.0,867,867,854.0,842.0,842.0,842.0,842.0,842.0,842.0,842.0,842.0,842.0,842.0,826.0,813.0,813.0,813.0,813.0,813.0,813.0,813.0,813.0,809.0,809.0,809.0,809.0,804.0,804.0,804.0,804.0,899.3,867.6,866.8,869.5,866.8,866.9,868.8,867.4,867.4,853.8,842.6,843.3,843.0,842.8
Bahamas,868.0,862.0,858.0,858.0,858.0,858.0,855.0,855.0,855,855,867.0,880.0,880.0,880.0,880.0,880.0,880.0,880.0,880.0,880.0,880.0,862.0,858.0,858.0,858.0,858.0,858.0,858.0,858.0,858.0,855.0,855.0,855.0,855.0,853.0,853.0,853.0,851.9,866.0,855.3,857.2,855.3,857.1,853.9,855.0,856.3,855.7,868.5,884.3,879.0,880.8,880.9
Bahrain,1180.0,1181.0,1182.0,1178.0,1178.0,1188.0,1188.0,1188.0,1188,1188,1220.0,1219.0,1225.0,1225.0,1225.0,1225.0,1225.0,1238.0,1238.0,1238.0,1238.0,1240.0,1251.0,1251.0,1251.0,1256.0,1252.0,1264.0,1263.0,1263.0,1289.0,1289.0,1281.0,1280.0,1282.0,1282.0,1282.0,1281.4,1183.8,1182.6,1179.1,1175.5,1187.3,1186.8,1187.6,1187.9,1187.8,1219.1,1219.9,1224.3,1225.2,1226.1
Bangladesh,904.0,907.0,907.0,907.0,907.0,907.0,909.0,922.0,922,922,920.0,915.0,914.0,914.0,914.0,914.0,914.0,920.0,917.0,917.0,917.0,917.0,909.0,907.0,908.0,908.0,908.0,908.0,904.0,904.0,883.0,883.0,884.0,884.0,884.0,890.0,892.0,892.5,909.0,907.2,908.2,906.4,906.4,910.9,923.9,924.5,921.2,919.4,914.2,915.0,913.0,913.6
Barbados,1005.0,1003.0,1000.0,1005.0,998.0,998.0,996.0,996.0,996,996,1001.0,1011.0,1009.0,1009.0,1009.0,1009.0,1009.0,1009.0,1009.0,1009.0,1009.0,1011.0,996.0,996.0,996.0,996.0,996.0,996.0,996.0,996.0,982.0,982.0,982.0,982.0,984.0,984.0,984.0,984.8,1002.0,1000.7,1003.2,999.9,996.5,999.0,994.5,997.0,994.8,1003.0,1009.3,1011.8,1007.3,1012.9
Belarus,1306.0,1304.0,1307.0,1317.0,1317.0,1317.0,1301.0,1286.0,1286,1286,1286.0,1280.0,1280.0,1280.0,1283.0,1282.0,1273.0,1269.0,1269.0,1269.0,1269.0,1277.0,1271.0,1255.0,1234.0,1233.0,1233.0,1233.0,1243.0,1243.0,1227.0,1227.0,1221.0,1222.0,1210.0,1212.0,1212.0,1211.6,1331.2,1307.8,1311.8,1316.7,1316.7,1300.7,1283.5,1286.8,1285.5,1286.9,1279.3,1280.7,1279.5,1282.9
Belgium,1723.0,1729.0,1733.0,1727.0,1727.0,1727.0,1737.0,1746.0,1746,1746,1755.0,1765.0,1765.0,1765.0,1765.0,1773.0,1765.0,1780.0,1780.0,1780.0,1780.0,1783.0,1822.0,1832.0,1832.0,1828.0,1828.0,1828.0,1827.0,1827.0,1822.0,1822.0,1817.0,1781.0,1793.0,1789.0,1789.0,1787.5,1737.4,1727.8,1733.6,1724.5,1727.4,1732.2,1747.7,1743.2,1745.8,1752.9,1765.1,1765.0,1765.3,1765.0
Belize,999.0,1004.0,995.0,1002.0,1002.0,1002.0,994.0,994.0,994,994,986.0,974.0,974.0,974.0,974.0,974.0,974.0,974.0,974.0,974.0,974.0,978.0,967.0,967.0,967.0,967.0,967.0,967.0,962.0,962.0,951.0,951.0,951.0,951.0,940.0,940.0,940.0,941.1,995.2,997.3,993.7,1007.8,997.8,998.7,990.8,996.7,990.9,988.7,972.9,974.9,973.1,972.8
Benin,1276.0,1273.0,1277.0,1257.0,1257.0,1257.0,1267.0,1295.0,1295,1295,1293.0,1295.0,1295.0,1295.0,1295.0,1295.0,1300.0,1302.0,1302.0,1302.0,1302.0,1293.0,1277.0,1291.0,1282.0,1283.0,1283.0,1283.0,1284.0,1284.0,1262.0,1259.0,1247.0,1247.0,1240.0,1248.0,1248.0,1250.3,1268.3,1279.3,1256.5,1256.4,1256.7,1264.7,1295.9,1294.5,1296.2,1293.1,1295.1,1293.8,1296.1,1294.9
Bermuda,948.0,940.0,940.0,952.0,952.0,952.0,959.0,972.0,972,972,986.0,984.0,984.0,984.0,983.0,983.0,983.0,983.0,983.0,983.0,983.0,988.0,982.0,982.0,982.0,982.0,982.0,982.0,982.0,982.0,970.0,977.0,977.0,977.0,966.0,966.0,966.0,966.2,941.0,939.9,949.5,950.8,952.5,957.5,974.4,969.3,972.7,987.0,981.8,985.5,981.6,982.6
Bhutan,932.0,917.0,917.0,917.0,917.0,917.0,917.0,916.0,916,916,911.0,911.0,911.0,911.0,911.0,911.0,911.0,911.0,911.0,911.0,911.0,911.0,911.0,911.0,911.0,911.0,911.0,911.0,911.0,911.0,911.0,911.0,911.0,911.0,906.0,906.0,901.0,900.6,907.6,919.2,915.8,917.2,916.5,916.3,915.0,916.4,915.3,912.5,909.7,910.8,910.1,912.2
Bolivia,1378.0,1378.0,1376.0,1374.0,1374.0,1374.0,1366.0,1332.0,1332,1332,1324.0,1324.0,1324.0,1324.0,1324.0,1324.0,1314.0,1307.0,1307.0,1307.0,1307.0,1300.0,1286.0,1284.0,1310.0,1324.0,1324.0,1308.0,1299.0,1299.0,1299.0,1299.0,1296.0,1295.0,1296.0,1295.0,1295.0,1294.1,1413.5,1364.5,1376.0,1373.3,1377.3,1363.7,1334.9,1327.3,1336.3,1319.9,1326.7,1322.2,1328.1,1320.5
Bosnia,1452.0,1468.0,1476.0,1472.0,1472.0,1472.0,1478.0,1453.0,1453,1453,1435.0,1430.0,1430.0,1430.0,1430.0,1426.0,1424.0,1410.0,1410.0,1410.0,1410.0,1405.0,1402.0,1405.0,1415.0,1393.0,1391.0,1391.0,1389.0,1389.0,1404.0,1404.0,1404.0,1404.0,1403.0,1381.0,1381.0,1381.7,1484.5,1468.0,1477.6,1467.2,1472.6,1474.3,1450.5,1454.9,1451.8,1433.1,1431.3,1428.8,1431.2,1433.7
Botswana,1089.0,1077.0,1081.0,1071.0,1071.0,1071.0,1060.0,1069.0,1069,1069,1057.0,1055.0,1055.0,1055.0,1055.0,1055.0,1055.0,1066.0,1066.0,1066.0,1066.0,1052.0,1052.0,1052.0,1052.0,1052.0,1052.0,1052.0,1052.0,1052.0,1050.0,1060.0,1056.0,1054.0,1037.0,1052.0,1054.0,1053.1,1068.2,1082.0,1072.6,1070.4,1071.0,1063.2,1066.5,1068.8,1068.3,1059.3,1054.4,1056.0,1056.4,1056.6
Brazil,1657.0,1663.0,1669.0,1676.0,1676.0,1676.0,1676.0,1726.0,1726,1726,1715.0,1712.0,1712.0,1712.0,1712.0,1712.0,1725.0,1743.0,1743.0,1743.0,1743.0,1743.0,1798.0,1812.0,1820.0,1826.0,1826.0,1823.0,1833.0,1833.0,1838.0,1838.0,1841.0,1841.0,1834.0,1828.0,1828.0,1827.2,1634.8,1664.5,1675.0,1674.3,1677.8,1676.1,1727.1,1726.0,1726.7,1714.7,1712.5,1712.4,1711.5,1711.4
Brunei,900.0,903.0,903.0,903.0,903.0,903.0,903.0,904.0,904,904,904.0,904.0,904.0,904.0,904.0,904.0,904.0,904.0,904.0,904.0,904.0,904.0,904.0,904.0,904.0,904.0,904.0,904.0,899.0,899.0,897.0,897.0,898.0,898.0,891.0,891.0,891.0,890.7,901.5,902.3,903.1,902.9,904.6,901.6,903.9,904.8,903.5,904.8,904.5,901.8,900.8,903.2
Bulgaria,1416.0,1430.0,1428.0,1425.0,1425.0,1425.0,1419.0,1388.0,1388,1388,1371.0,1381.0,1381.0,1381.0,1381.0,1378.0,1354.0,1350.0,1350.0,1350.0,1350.0,1339.0,1335.0,1354.0,1350.0,1345.0,1345.0,1345.0,1339.0,1339.0,1325.0,1325.0,1335.0,1337.0,1316.0,1315.0,1315.0,1315.6,1434.4,1426.1,1420.8,1420.7,1423.0,1415.6,1388.3,1389.3,1389.4,1371.1,1382.7,1382.2,1382.0,1380.9
Burkina Faso,1408.0,1391.0,1390.0,1371.0,1371.0,1371.0,1380.0,1381.0,1381,1381,1378.0,1381.0,1381.0,1381.0,1381.0,1381.0,1390.0,1391.0,1391.0,1391.0,1391.0,1393.0,1384.0,1394.0,1401.0,1398.0,1398.0,1419.0,1410.0,1410.0,1426.0,1426.0,1432.0,1435.0,1434.0,1419.0,1419.0,1419.0,1389.6,1390.4,1365.9,1369.5,1370.2,1380.7,1381.3,1380.3,1381.1,1378.2,1381.0,1380.8,1382.5,1379.5
Burundi,1056.0,1061.0,1074.0,1085.0,1085.0,1085.0,1089.0,1061.0,1061,1061,1063.0,1049.0,1052.0,1052.0,1052.0,1052.0,1058.0,1078.0,1078.0,1078.0,1078.0,1076.0,1076.0,1071.0,1071.0,1076.0,1076.0,1076.0,1081.0,1081.0,1078.0,1076.0,1076.0,1075.0,1070.0,1085.0,1085.0,1084.8,1057.7,1072.9,1083.8,1085.3,1082.9,1090.2,1062.8,1063.5,1063.3,1066.2,1052.8,1056.4,1056.0,1055.2
C. Taipei,1135.0,1139.0,1139.0,1134.0,1134.0,1134.0,1128.0,1132.0,1132,1132,1102.0,1078.0,1078.0,1078.0,1078.0,1078.0,1078.0,1078.0,1078.0,1078.0,1078.0,1078.0,1046.0,1046.0,1018.0,1018.0,1018.0,1018.0,1018.0,1018.0,1018.0,1018.0,1018.0,1021.0,1021.0,1028.0,1028.0,1029.3,1162.2,1144.7,1135.0,1135.5,1133.3,1127.9,1131.9,1133.7,1130.9,1100.3,1076.3,1077.4,1077.9,1077.6
Cambodia,984.0,979.0,973.0,970.0,970.0,970.0,967.0,988.0,988,988,974.0,964.0,964.0,964.0,964.0,964.0,964.0,964.0,964.0,964.0,964.0,964.0,950.0,950.0,970.0,970.0,967.0,967.0,967.0,967.0,954.0,954.0,949.0,947.0,949.0,943.0,943.0,944.4,985.0,970.2,969.5,967.2,967.4,967.5,984.8,984.7,984.7,972.1,963.9,964.2,963.9,965.1
Cameroon,1416.0,1408.0,1408.0,1394.0,1394.0,1394.0,1399.0,1409.0,1409,1409,1409.0,1413.0,1413.0,1413.0,1413.0,1413.0,1413.0,1428.0,1428.0,1428.0,1427.0,1405.0,1411.0,1404.0,1418.0,1437.0,1437.0,1481.0,1480.0,1480.0,1485.0,1485.0,1471.0,1499.0,1470.0,1471.0,1471.0,1471.2,1409.7,1405.9,1395.3,1392.6,1391.4,1401.2,1409.6,1407.9,1407.5,1408.3,1413.0,1413.9,1415.3,1410.9
Canada,1304.0,1307.0,1310.0,1314.0,1314.0,1314.0,1314.0,1312.0,1312,1312,1339.0,1331.0,1332.0,1332.0,1332.0,1332.0,1332.0,1332.0,1332.0,1332.0,1332.0,1341.0,1399.0,1416.0,1432.0,1462.0,1462.0,1498.0,1479.0,1479.0,1474.0,1474.0,1475.0,1432.0,1443.0,1454.0,1459.0,1461.8,1294.9,1305.5,1315.3,1313.6,1313.3,1314.1,1311.1,1313.8,1310.3,1339.9,1331.5,1331.8,1332.8,1332.5
Cape Verde,1356.0,1350.0,1338.0,1325.0,1325.0,1325.0,1319.0,1319.0,1319,1319,1319.0,1318.0,1318.0,1318.0,1318.0,1318.0,1316.0,1306.0,1306.0,1306.0,1306.0,1330.0,1327.0,1314.0,1328.0,1339.0,1339.0,1337.0,1340.0,1340.0,1333.0,1331.0,1336.0,1336.0,1337.0,1355.0,1355.0,1346.8,1353.4,1327.3,1325.6,1324.8,1327.6,1313.5,1322.7,1315.0,1320.2,1317.6,1320.2,1315.8,1320.1,1316.4
Cayman Islands,880.0,878.0,873.0,874.0,874.0,874.0,867.0,867.0,867,867,895.0,897.0,897.0,897.0,897.0,897.0,897.0,897.0,897.0,897.0,897.0,884.0,874.0,874.0,874.0,874.0,874.0,874.0,874.0,874.0,866.0,866.0,866.0,866.0,860.0,860.0,860.0,859.4,880.7,874.9,875.9,874.2,874.0,866.2,866.1,866.4,866.6,894.7,898.4,896.4,897.8,896.6
Central Africa,1196.0,1187.0,1182.0,1180.0,1180.0,1180.0,1184.0,1184.0,1184,1184,1186.0,1184.0,1184.0,1184.0,1184.0,1184.0,1184.0,1171.0,1171.0,1171.0,1171.0,1158.0,1147.0,1136.0,1150.0,1127.0,1127.0,1127.0,1122.0,1122.0,1116.0,1116.0,1117.0,1117.0,1146.0,1134.0,1134.0,1133.2,1177.2,1181.8,1181.7,1182.9,1179.6,1183.4,1183.0,1183.4,1183.8,1186.4,1185.0,1184.1,1186.6,1184.1
Chad,956.0,956.0,956.0,956.0,956.0,956.0,956.0,956.0,956,956,955.0,943.0,943.0,943.0,943.0,943.0,943.0,947.0,947.0,947.0,947.0,935.0,935.0,935.0,935.0,935.0,935.0,935.0,932.0,932.0,932.0,932.0,930.0,930.0,930.0,930.0,930.0,930.3,957.4,955.4,954.7,955.4,955.7,955.9,956.1,957.1,956.0,956.2,941.4,943.4,945.6,943.9
Chile,1570.0,1568.0,1568.0,1565.0,1565.0,1565.0,1559.0,1583.0,1583,1583,1579.0,1579.0,1579.0,1579.0,1579.0,1579.0,1570.0,1567.0,1567.0,1567.0,1567.0,1570.0,1558.0,1537.0,1546.0,1541.0,1543.0,1543.0,1526.0,1526.0,1515.0,1515.0,1510.0,1507.0,1511.0,1511.0,1511.0,1512.8,1568.1,1570.0,1564.5,1565.5,1565.0,1558.8,1580.9,1582.7,1583.6,1578.8,1581.1,1578.9,1578.2,1578.9
China,1320.0,1313.0,1317.0,1317.0,1317.0,1339.0,1327.0,1333.0,1333,1333,1339.0,1325.0,1323.0,1323.0,1323.0,1323.0,1323.0,1323.0,1323.0,1323.0,1323.0,1323.0,1353.0,1335.0,1334.0,1337.0,1337.0,1314.0,1304.0,1304.0,1304.0,1305.0,1305.0,1305.0,1298.0,1305.0,1305.0,1303.9,1312.0,1316.4,1317.3,1316.8,1334.1,1330.9,1331.5,1331.3,1332.5,1336.0,1329.1,1324.2,1323.2,1322.0
Colombia,1563.0,1567.0,1575.0,1575.0,1575.0,1575.0,1573.0,1622.0,1622,1622,1615.0,1622.0,1622.0,1622.0,1622.0,1622.0,1631.0,1601.0,1601.0,1601.0,1601.0,1601.0,1618.0,1618.0,1619.0,1607.0,1607.0,1586.0,1601.0,1601.0,1604.0,1604.0,1611.0,1613.0,1617.0,1625.0,1625.0,1625.1,1572.4,1577.7,1578.3,1579.3,1578.1,1575.9,1617.6,1618.2,1617.7,1610.9,1617.5,1616.1,1617.3,1618.7
Comoros,1052.0,1060.0,1062.0,1076.0,1076.0,1076.0,1071.0,1071.0,1071,1071,1067.0,1088.0,1088.0,1088.0,1088.0,1088.0,1095.0,1112.0,1112.0,1112.0,1112.0,1106.0,1104.0,1112.0,1112.0,1118.0,1118.0,1126.0,1131.0,1131.0,1132.0,1127.0,1123.0,1123.0,1112.0,1123.0,1120.0,1122.6,1047.2,1064.2,1074.5,1077.5,1075.4,1071.2,1071.6,1071.3,1069.8,1065.4,1091.1,1086.2,1089.5,1085.1
Congo,1292.0,1289.0,1277.0,1280.0,1280.0,1280.0,1265.0,1265.0,1265,1265,1265.0,1269.0,1269.0,1269.0,1269.0,1269.0,1262.0,1264.0,1264.0,1264.0,1265.0,1256.0,1256.0,1248.0,1228.0,1221.0,1221.0,1221.0,1211.0,1211.0,1215.0,1215.0,1209.0,1209.0,1198.0,1191.0,1191.0,1188.2,1286.4,1275.9,1278.4,1279.6,1278.1,1261.7,1264.1,1266.2,1264.7,1264.9,1267.1,1266.5,1268.4,1268.4
Cook Islands,908.0,908.0,908.0,908.0,908.0,908.0,908.0,908.0,908,908,908.0,908.0,908.0,908.0,908.0,908.0,908.0,908.0,908.0,908.0,908.0,908.0,908.0,908.0,908.0,908.0,908.0,908.0,899.0,899.0,899.0,899.0,899.0,899.0,899.0,899.0,899.0,899.3,907.0,909.9,909.3,906.7,907.1,908.4,908.6,907.7,909.6,907.9,909.0,909.2,906.2,907.7
Costa Rica,1471.0,1460.0,1452.0,1464.0,1464.0,1461.0,1458.0,1445.0,1445,1445,1436.0,1442.0,1439.0,1439.0,1439.0,1439.0,1427.0,1427.0,1427.0,1427.0,1427.0,1423.0,1450.0,1438.0,1440.0,1437.0,1437.0,1464.0,1503.0,1503.0,1500.0,1500.0,1504.0,1500.0,1491.0,1478.0,1454.0,1449.2,1461.5,1449.6,1466.2,1464.5,1461.0,1456.9,1444.2,1445.1,1443.4,1434.3,1441.1,1440.6,1439.2,1439.7
Croatia,1643.0,1634.0,1635.0,1634.0,1634.0,1634.0,1621.0,1625.0,1625,1625,1631.0,1642.0,1642.0,1642.0,1642.0,1628.0,1634.0,1617.0,1617.0,1617.0,1617.0,1606.0,1594.0,1608.0,1609.0,1621.0,1621.0,1621.0,1621.0,1621.0,1632.0,1632.0,1646.0,1728.0,1730.0,1743.0,1743.0,1746.5,1619.5,1633.9,1619.7,1646.1,1635.6,1620.0,1624.8,1624.3,1625.0,1633.3,1643.6,1641.3,1641.2,1640.3
Cuba,940.0,946.0,954.0,963.0,963.0,963.0,961.0,950.0,950,950,938.0,936.0,936.0,936.0,936.0,936.0,936.0,936.0,936.0,936.0,936.0,923.0,947.0,947.0,947.0,949.0,949.0,949.0,951.0,951.0,979.0,979.0,979.0,979.0,986.0,985.0,968.0,969.1,943.2,952.5,961.4,962.7,962.9,960.9,950.0,950.5,948.5,936.4,936.5,935.5,936.5,937.0
Cura√ßao,1300.0,1303.0,1306.0,1306.0,1306.0,1306.0,1296.0,1309.0,1309,1309,1323.0,1313.0,1313.0,1313.0,1313.0,1313.0,1313.0,1313.0,1313.0,1313.0,1313.0,1323.0,1310.0,1310.0,1298.0,1298.0,1298.0,1298.0,1298.0,1298.0,1293.0,1293.0,1279.0,1279.0,1272.0,1268.0,1268.0,1269.0,1295.1,1307.9,1303.6,1308.5,1305.0,1298.0,1307.5,1312.9,1306.4,1320.6,1316.2,1311.6,1311.3,1314.3
Cyprus,1280.0,1283.0,1279.0,1276.0,1276.0,1276.0,1276.0,1258.0,1258,1258,1263.0,1251.0,1251.0,1251.0,1251.0,1236.0,1225.0,1224.0,1224.0,1224.0,1224.0,1241.0,1235.0,1203.0,1193.0,1179.0,1179.0,1179.0,1186.0,1186.0,1181.0,1181.0,1184.0,1185.0,1179.0,1164.0,1164.0,1165.9,1332.3,1274.9,1283.6,1274.3,1274.4,1274.6,1258.8,1257.7,1257.4,1261.6,1251.4,1248.5,1250.0,1248.9
Czechia,1430.0,1418.0,1420.0,1435.0,1435.0,1435.0,1424.0,1448.0,1448,1448,1454.0,1446.0,1446.0,1446.0,1446.0,1446.0,1446.0,1456.0,1456.0,1456.0,1456.0,1459.0,1493.0,1495.0,1503.0,1510.0,1510.0,1510.0,1501.0,1501.0,1503.0,1503.0,1492.0,1491.0,1495.0,1504.0,1504.0,1505.9,1425.3,1422.1,1435.9,1436.9,1434.9,1424.4,1447.3,1446.3,1446.3,1449.5,1446.4,1445.1,1445.2,1445.6
DR Congo,1456.0,1447.0,1423.0,1420.0,1420.0,1420.0,1425.0,1395.0,1395,1395,1399.0,1389.0,1389.0,1389.0,1389.0,1389.0,1384.0,1386.0,1386.0,1386.0,1386.0,1377.0,1373.0,1365.0,1358.0,1376.0,1376.0,1370.0,1365.0,1365.0,1333.0,1333.0,1334.0,1334.0,1339.0,1350.0,1350.0,1345.9,1462.7,1437.7,1419.3,1420.3,1420.8,1424.6,1398.9,1392.9,1394.8,1398.6,1391.6,1389.0,1388.7,1389.0
Denmark,1580.0,1581.0,1584.0,1589.0,1589.0,1589.0,1586.0,1589.0,1589,1589,1599.0,1598.0,1598.0,1598.0,1598.0,1593.0,1610.0,1614.0,1614.0,1614.0,1614.0,1632.0,1642.0,1658.0,1669.0,1655.0,1655.0,1655.0,1654.0,1654.0,1665.0,1665.0,1667.0,1608.0,1595.0,1597.0,1597.0,1596.1,1579.1,1584.7,1590.4,1589.2,1590.4,1584.7,1590.6,1588.4,1589.4,1600.9,1597.7,1600.4,1597.5,1597.1
Djibouti,896.0,896.0,896.0,896.0,896.0,896.0,896.0,896.0,896,896,916.0,919.0,919.0,919.0,919.0,919.0,919.0,919.0,919.0,919.0,919.0,919.0,922.0,913.0,906.0,897.0,897.0,897.0,876.0,876.0,876.0,878.0,875.0,875.0,875.0,889.0,889.0,890.2,899.1,896.0,896.9,895.6,898.5,895.8,895.5,895.6,894.8,917.9,922.5,918.8,920.8,918.9
Dominica,952.0,953.0,950.0,950.0,950.0,950.0,954.0,954.0,954,954,913.0,919.0,919.0,919.0,919.0,919.0,919.0,919.0,919.0,919.0,919.0,904.0,917.0,917.0,917.0,917.0,917.0,917.0,917.0,917.0,912.0,912.0,912.0,912.0,905.0,905.0,905.0,905.7,942.3,944.3,949.5,947.8,950.0,954.0,953.7,952.6,955.9,916.3,921.1,920.6,920.4,920.1
Dominican Rep.,1040.0,1040.0,1045.0,1036.0,1036.0,1036.0,1028.0,1028.0,1028,1028,1040.0,1019.0,1019.0,1019.0,1019.0,1019.0,1019.0,1019.0,1019.0,1019.0,1018.0,1036.0,1029.0,1029.0,1029.0,1029.0,1029.0,1029.0,1029.0,1029.0,1032.0,1032.0,1032.0,1032.0,1038.0,1037.0,1037.0,1037.0,1039.7,1041.6,1040.2,1035.9,1036.0,1032.7,1030.1,1026.8,1027.3,1034.8,1027.3,1022.7,1020.9,1019.7
Ecuador,1376.0,1378.0,1371.0,1382.0,1382.0,1382.0,1378.0,1359.0,1359,1359,1368.0,1368.0,1368.0,1368.0,1368.0,1368.0,1380.0,1409.0,1409.0,1409.0,1409.0,1413.0,1405.0,1415.0,1417.0,1449.0,1448.0,1459.0,1453.0,1453.0,1464.0,1464.0,1464.0,1477.0,1478.0,1486.0,1486.0,1487.3,1378.2,1372.6,1378.7,1384.7,1379.5,1379.7,1357.9,1359.4,1359.3,1367.9,1367.0,1369.8,1367.8,1367.3
Egypt,1355.0,1364.0,1378.0,1393.0,1393.0,1393.0,1384.0,1431.0,1431,1431,1433.0,1420.0,1420.0,1420.0,1420.0,1420.0,1420.0,1432.0,1432.0,1432.0,1432.0,1433.0,1433.0,1435.0,1448.0,1450.0,1452.0,1497.0,1501.0,1501.0,1483.0,1483.0,1486.0,1490.0,1501.0,1510.0,1510.0,1513.2,1353.4,1383.5,1397.0,1395.5,1397.1,1387.0,1431.2,1431.6,1430.8,1431.1,1422.5,1421.0,1419.5,1419.6
El Salvador,1332.0,1332.0,1335.0,1327.0,1327.0,1327.0,1344.0,1342.0,1342,1342,1336.0,1346.0,1346.0,1346.0,1346.0,1346.0,1346.0,1346.0,1346.0,1346.0,1344.0,1341.0,1375.0,1370.0,1365.0,1351.0,1349.0,1346.0,1332.0,1332.0,1333.0,1333.0,1331.0,1327.0,1318.0,1318.0,1325.0,1327.5,1332.9,1334.4,1329.5,1329.6,1328.4,1341.1,1342.2,1341.3,1342.3,1336.0,1345.8,1343.9,1344.1,1344.4
England,1615.0,1612.0,1619.0,1631.0,1631.0,1631.0,1647.0,1652.0,1652,1652,1651.0,1661.0,1661.0,1661.0,1661.0,1664.0,1669.0,1670.0,1670.0,1670.0,1670.0,1687.0,1753.0,1755.0,1750.0,1756.0,1756.0,1756.0,1762.0,1762.0,1737.0,1737.0,1728.0,1774.0,1792.0,1797.0,1797.0,1797.7,1617.0,1643.8,1615.4,1635.6,1633.3,1649.5,1653.8,1651.8,1653.6,1653.8,1661.4,1661.1,1661.7,1661.2
Equat. Guinea,1072.0,1086.0,1067.0,1063.0,1063.0,1063.0,1074.0,1074.0,1074,1074,1083.0,1066.0,1066.0,1066.0,1066.0,1066.0,1066.0,1097.0,1097.0,1097.0,1097.0,1105.0,1105.0,1116.0,1136.0,1157.0,1157.0,1210.0,1210.0,1210.0,1215.0,1215.0,1216.0,1216.0,1233.0,1252.0,1252.0,1256.2,1063.0,1070.1,1061.9,1064.4,1061.5,1074.9,1072.4,1073.3,1075.5,1083.8,1063.3,1067.6,1067.9,1068.2
Eritrea,868.0,868.0,868.0,868.0,868.0,868.0,868.0,868.0,868,868,856.0,856.0,856.0,856.0,856.0,856.0,856.0,856.0,856.0,856.0,856.0,856.0,856.0,856.0,856.0,856.0,856.0,856.0,856.0,856.0,856.0,856.0,856.0,856.0,856.0,856.0,856.0,857.0,868.9,867.8,867.4,869.1,868.9,868.4,868.4,867.5,869.3,855.7,856.2,855.0,857.4,856.7
Estonia,1250.0,1240.0,1237.0,1242.0,1242.0,1246.0,1240.0,1228.0,1228,1228,1209.0,1202.0,1202.0,1202.0,1202.0,1188.0,1185.0,1180.0,1180.0,1180.0,1180.0,1162.0,1171.0,1174.0,1184.0,1176.0,1176.0,1176.0,1169.0,1169.0,1177.0,1177.0,1185.0,1186.0,1182.0,1179.0,1179.0,1179.6,1240.2,1237.3,1241.5,1243.4,1244.3,1240.2,1227.9,1227.8,1229.5,1209.7,1200.8,1200.8,1200.5,1203.5
Eswatini,1105.0,1101.0,1088.0,1078.0,1078.0,1078.0,1074.0,1074.0,1074,1074,1055.0,1042.0,1042.0,1042.0,1042.0,1042.0,1042.0,1040.0,1040.0,1040.0,1040.0,1039.0,1054.0,1054.0,1054.0,1054.0,1054.0,1054.0,1070.0,1070.0,1067.0,1071.0,1071.0,1071.0,1070.0,1059.0,1058.0,1057.2,1118.3,1087.5,1082.2,1073.5,1081.0,1069.5,1076.4,1070.4,1075.9,1052.9,1041.7,1040.6,1042.1,1040.9
Ethiopia,1044.0,1060.0,1054.0,1049.0,1049.0,1049.0,1049.0,1049.0,1049,1049,1049.0,1061.0,1061.0,1061.0,1061.0,1061.0,1061.0,1064.0,1066.0,1066.0,1066.0,1079.0,1079.0,1093.0,1079.0,1088.0,1088.0,1081.0,1077.0,1077.0,1087.0,1088.0,1091.0,1091.0,1073.0,1074.0,1074.0,1072.9,1062.7,1056.1,1048.6,1050.0,1050.0,1048.9,1050.7,1049.8,1049.1,1050.0,1059.1,1061.8,1060.1,1061.0
Faroe Islands,1268.0,1261.0,1251.0,1238.0,1238.0,1238.0,1213.0,1200.0,1200,1200,1192.0,1181.0,1181.0,1181.0,1181.0,1191.0,1193.0,1183.0,1183.0,1183.0,1183.0,1165.0,1165.0,1160.0,1149.0,1137.0,1137.0,1137.0,1137.0,1137.0,1136.0,1136.0,1147.0,1146.0,1139.0,1126.0,1126.0,1127.1,1306.9,1247.8,1237.1,1237.5,1238.6,1211.0,1200.8,1199.1,1199.8,1193.6,1181.8,1181.5,1181.1,1180.1
Fiji,985.0,981.0,981.0,981.0,981.0,981.0,992.0,996.0,996,996,996.0,996.0,996.0,996.0,996.0,996.0,996.0,996.0,996.0,996.0,996.0,996.0,996.0,996.0,996.0,996.0,996.0,996.0,993.0,993.0,993.0,993.0,989.0,989.0,980.0,980.0,980.0,980.0,981.7,978.9,981.4,980.3,980.8,993.6,998.7,995.6,994.9,996.7,994.7,994.8,996.1,994.9
Finland,1364.0,1378.0,1392.0,1378.0,1378.0,1375.0,1375.0,1394.0,1394,1394,1395.0,1386.0,1386.0,1386.0,1386.0,1390.0,1402.0,1411.0,1411.0,1411.0,1411.0,1411.0,1404.0,1407.0,1404.0,1412.0,1412.0,1412.0,1407.0,1407.0,1398.0,1398.0,1406.0,1406.0,1405.0,1419.0,1419.0,1416.8,1375.0,1395.3,1383.4,1382.5,1378.7,1374.9,1392.1,1392.1,1393.1,1393.6,1385.6,1387.9,1386.4,1387.0
France,1726.0,1729.0,1732.0,1726.0,1726.0,1726.0,1734.0,1718.0,1718,1718,1726.0,1733.0,1733.0,1733.0,1733.0,1744.0,1752.0,1755.0,1755.0,1755.0,1755.0,1757.0,1762.0,1754.0,1779.0,1786.0,1786.0,1786.0,1790.0,1790.0,1765.0,1765.0,1760.0,1823.0,1838.0,1844.0,1844.0,1844.6,1715.8,1732.0,1725.9,1725.7,1724.9,1734.0,1718.2,1718.1,1717.5,1727.0,1733.3,1732.9,1732.9,1731.8
Gabon,1284.0,1274.0,1288.0,1277.0,1277.0,1277.0,1272.0,1272.0,1272,1272,1285.0,1297.0,1297.0,1297.0,1297.0,1297.0,1292.0,1280.0,1280.0,1280.0,1280.0,1278.0,1278.0,1267.0,1260.0,1262.0,1262.0,1291.0,1291.0,1291.0,1302.0,1302.0,1302.0,1305.0,1297.0,1285.0,1285.0,1285.6,1275.8,1288.5,1278.6,1276.6,1276.0,1273.4,1271.4,1272.3,1273.1,1282.3,1296.6,1293.6,1295.4,1296.8
Georgia,1242.0,1254.0,1265.0,1269.0,1269.0,1269.0,1256.0,1255.0,1255,1255,1274.0,1267.0,1267.0,1267.0,1267.0,1274.0,1287.0,1267.0,1267.0,1267.0,1267.0,1260.0,1264.0,1241.0,1244.0,1269.0,1269.0,1269.0,1276.0,1276.0,1296.0,1296.0,1307.0,1306.0,1312.0,1313.0,1313.0,1312.7,1258.5,1268.8,1269.0,1269.3,1268.8,1259.3,1257.8,1258.4,1257.4,1274.7,1266.8,1267.8,1267.4,1267.3
Germany,1561.0,1568.0,1555.0,1558.0,1558.0,1558.0,1570.0,1582.0,1582,1582,1586.0,1602.0,1602.0,1602.0,1602.0,1602.0,1607.0,1610.0,1610.0,1610.0,1610.0,1609.0,1613.0,1628.0,1642.0,1648.0,1648.0,1648.0,1651.0,1651.0,1659.0,1659.0,1650.0,1647.0,1647.0,1636.0,1636.0,1637.7,1549.6,1540.7,1551.6,1556.5,1558.3,1572.6,1584.1,1585.4,1582.4,1586.7,1604.9,1603.0,1600.2,1602.4
Ghana,1424.0,1407.0,1407.0,1412.0,1412.0,1412.0,1423.0,1429.0,1429,1429,1426.0,1439.0,1439.0,1439.0,1439.0,1439.0,1438.0,1424.0,1424.0,1424.0,1424.0,1425.0,1421.0,1411.0,1425.0,1429.0,1429.0,1381.0,1387.0,1387.0,1390.0,1393.0,1393.0,1400.0,1396.0,1391.0,1391.0,1392.7,1406.5,1407.0,1412.1,1414.4,1411.0,1423.8,1426.8,1428.7,1428.1,1423.3,1438.1,1437.0,1437.1,1439.1
Gibraltar,900.0,891.0,911.0,905.0,905.0,905.0,900.0,893.0,893,893,882.0,879.0,879.0,879.0,879.0,886.0,890.0,888.0,888.0,888.0,888.0,880.0,880.0,868.0,863.0,854.0,854.0,854.0,857.0,857.0,857.0,857.0,852.0,858.0,855.0,852.0,852.0,852.4,884.1,919.4,903.2,905.0,905.1,899.4,891.2,892.9,893.5,879.8,880.4,880.3,880.0,879.4
Greece,1436.0,1433.0,1432.0,1428.0,1428.0,1428.0,1433.0,1403.0,1403,1403,1388.0,1409.0,1409.0,1409.0,1409.0,1413.0,1408.0,1413.0,1413.0,1413.0,1413.0,1419.0,1427.0,1435.0,1435.0,1422.0,1422.0,1422.0,1421.0,1421.0,1441.0,1441.0,1438.0,1434.0,1433.0,1441.0,1441.0,1441.2,1432.9,1432.7,1427.2,1428.2,1428.0,1432.0,1406.7,1405.5,1404.0,1392.0,1405.7,1409.9,1409.9,1409.9
Grenada,980.0,976.0,968.0,968.0,968.0,968.0,973.0,973.0,973,973,1001.0,1015.0,1015.0,1015.0,1015.0,1015.0,1015.0,1015.0,1015.0,1015.0,1015.0,1018.0,974.0,974.0,974.0,974.0,974.0,974.0,968.0,968.0,969.0,969.0,964.0,964.0,960.0,961.0,961.0,959.9,975.5,968.2,968.6,966.1,968.5,973.9,974.9,973.1,973.7,1002.5,1017.4,1014.7,1014.1,1017.1
Guam,912.0,907.0,907.0,907.0,907.0,907.0,907.0,908.0,908,908,882.0,873.0,873.0,873.0,873.0,873.0,873.0,873.0,873.0,873.0,873.0,873.0,858.0,858.0,838.0,838.0,838.0,838.0,838.0,838.0,838.0,838.0,838.0,838.0,838.0,838.0,838.0,837.1,918.3,906.7,906.2,906.7,906.9,904.5,907.8,908.8,906.6,881.1,870.3,875.8,873.2,871.7
Guatemala,1064.0,1064.0,1064.0,1061.0,1061.0,1061.0,1074.0,1072.0,1072,1072,1094.0,1106.0,1106.0,1106.0,1104.0,1104.0,1103.0,1111.0,1111.0,1111.0,1112.0,1129.0,1139.0,1138.0,1138.0,1138.0,1138.0,1138.0,1148.0,1148.0,1162.0,1162.0,1157.0,1158.0,1165.0,1167.0,1187.0,1192.9,1151.0,1073.0,1069.1,1060.4,1061.2,1069.2,1076.1,1068.8,1073.8,1090.9,1108.0,1103.9,1106.5,1102.5
Guinea,1344.0,1353.0,1354.0,1354.0,1354.0,1354.0,1350.0,1325.0,1325,1325,1317.0,1328.0,1328.0,1328.0,1328.0,1328.0,1333.0,1329.0,1329.0,1329.0,1334.0,1332.0,1330.0,1326.0,1309.0,1298.0,1298.0,1293.0,1293.0,1293.0,1295.0,1295.0,1290.0,1290.0,1306.0,1297.0,1297.0,1296.2,1366.3,1344.3,1359.4,1347.3,1357.9,1345.6,1325.7,1324.0,1326.4,1313.9,1333.2,1321.8,1333.2,1323.9
Guinea-Bissau,1148.0,1149.0,1157.0,1158.0,1158.0,1158.0,1158.0,1143.0,1143,1143,1155.0,1155.0,1155.0,1155.0,1155.0,1155.0,1155.0,1146.0,1146.0,1146.0,1146.0,1171.0,1171.0,1187.0,1175.0,1177.0,1177.0,1159.0,1159.0,1159.0,1166.0,1166.0,1161.0,1159.0,1172.0,1179.0,1179.0,1178.5,1151.2,1153.6,1158.9,1157.4,1156.6,1159.1,1144.5,1141.4,1143.0,1152.1,1156.1,1155.0,1155.9,1154.1
Guyana,936.0,937.0,943.0,943.0,951.0,951.0,959.0,953.0,953,953,969.0,988.0,988.0,988.0,988.0,988.0,988.0,988.0,988.0,988.0,988.0,991.0,959.0,959.0,959.0,959.0,959.0,959.0,961.0,961.0,969.0,969.0,969.0,969.0,976.0,982.0,982.0,983.3,937.8,945.2,944.4,951.8,951.1,957.8,954.0,951.9,955.1,968.1,984.0,985.8,985.3,986.2
Haiti,1212.0,1212.0,1216.0,1219.0,1219.0,1219.0,1223.0,1288.0,1288,1288,1281.0,1285.0,1285.0,1285.0,1285.0,1285.0,1285.0,1285.0,1285.0,1285.0,1285.0,1291.0,1268.0,1268.0,1268.0,1268.0,1268.0,1268.0,1262.0,1262.0,1269.0,1269.0,1269.0,1269.0,1276.0,1276.0,1273.0,1271.0,1209.9,1216.2,1219.9,1219.4,1218.3,1222.1,1284.3,1288.0,1285.1,1281.2,1285.6,1283.5,1284.3,1286.5
Honduras,1368.0,1368.0,1367.0,1369.0,1369.0,1369.0,1369.0,1350.0,1350,1350,1368.0,1377.0,1377.0,1377.0,1377.0,1377.0,1374.0,1367.0,1367.0,1367.0,1367.0,1361.0,1378.0,1372.0,1355.0,1332.0,1332.0,1304.0,1289.0,1289.0,1300.0,1300.0,1302.0,1301.0,1300.0,1296.0,1309.0,1311.1,1395.4,1364.6,1369.2,1368.3,1369.3,1369.6,1344.8,1351.7,1348.5,1371.2,1377.1,1377.0,1377.0,1375.0
Hong Kong,1076.0,1076.0,1071.0,1078.0,1078.0,1078.0,1078.0,1074.0,1074,1074,1061.0,1075.0,1072.0,1072.0,1072.0,1072.0,1072.0,1072.0,1072.0,1072.0,1072.0,1072.0,1053.0,1053.0,1053.0,1053.0,1053.0,1053.0,1053.0,1053.0,1061.0,1058.0,1062.0,1062.0,1057.0,1050.0,1050.0,1049.1,1069.4,1067.6,1076.0,1076.8,1078.7,1077.8,1076.2,1073.6,1073.6,1062.9,1069.7,1072.6,1072.1,1072.9
Hungary,1409.0,1409.0,1400.0,1412.0,1412.0,1412.0,1419.0,1442.0,1442,1442,1429.0,1416.0,1416.0,1416.0,1416.0,1418.0,1439.0,1460.0,1460.0,1460.0,1460.0,1469.0,1474.0,1457.0,1449.0,1466.0,1466.0,1466.0,1466.0,1466.0,1487.0,1487.0,1492.0,1493.0,1504.0,1505.0,1505.0,1504.3,1389.2,1400.2,1411.7,1411.9,1412.6,1421.5,1444.2,1440.9,1443.7,1426.0,1414.7,1414.7,1417.1,1417.1
Iceland,1471.0,1461.0,1458.0,1452.0,1452.0,1451.0,1450.0,1473.0,1473,1473,1460.0,1464.0,1465.0,1465.0,1465.0,1457.0,1461.0,1438.0,1438.0,1438.0,1438.0,1416.0,1418.0,1397.0,1397.0,1385.0,1385.0,1383.0,1381.0,1381.0,1380.0,1380.0,1384.0,1380.0,1369.0,1353.0,1353.0,1350.9,1449.8,1456.5,1451.9,1451.8,1450.9,1448.5,1471.6,1471.8,1470.1,1460.3,1462.0,1465.0,1465.8,1464.6
India,1242.0,1244.0,1245.0,1240.0,1240.0,1219.0,1219.0,1214.0,1214,1214,1201.0,1187.0,1187.0,1187.0,1187.0,1187.0,1187.0,1187.0,1187.0,1187.0,1187.0,1184.0,1180.0,1181.0,1183.0,1183.0,1183.0,1183.0,1174.0,1174.0,1199.0,1199.0,1192.0,1192.0,1201.0,1205.0,1209.0,1209.8,1249.1,1240.9,1241.2,1238.6,1218.3,1222.3,1214.2,1216.5,1211.0,1199.5,1184.2,1187.2,1185.5,1187.1
Indonesia,992.0,997.0,1004.0,1003.0,1003.0,1003.0,1008.0,1008.0,1008,1008,975.0,964.0,964.0,964.0,964.0,964.0,964.0,964.0,964.0,964.0,964.0,964.0,957.0,957.0,986.0,981.0,992.0,1002.0,1002.0,1002.0,1019.0,1019.0,1034.0,1034.0,1046.0,1047.0,1047.0,1050.4,992.1,999.2,1007.1,999.8,1006.1,1003.7,1011.4,1003.6,1010.8,975.3,962.1,962.8,963.7,965.5
Iran,1471.0,1474.0,1478.0,1481.0,1481.0,1516.0,1516.0,1518.0,1518,1518,1505.0,1489.0,1489.0,1489.0,1489.0,1489.0,1492.0,1496.0,1496.0,1496.0,1496.0,1500.0,1522.0,1538.0,1545.0,1558.0,1558.0,1573.0,1564.0,1564.0,1559.0,1559.0,1565.0,1552.0,1553.0,1557.0,1557.0,1555.4,1460.7,1479.5,1479.3,1483.8,1517.3,1514.4,1519.0,1518.3,1517.5,1504.7,1493.0,1489.9,1491.5,1490.7
Iraq,1274.0,1272.0,1270.0,1271.0,1271.0,1310.0,1319.0,1315.0,1315,1315,1327.0,1340.0,1344.0,1344.0,1344.0,1344.0,1344.0,1347.0,1347.0,1347.0,1348.0,1353.0,1355.0,1349.0,1346.0,1336.0,1333.0,1325.0,1339.0,1339.0,1339.0,1339.0,1343.0,1342.0,1348.0,1345.0,1345.0,1344.5,1258.3,1269.9,1271.7,1270.9,1311.8,1321.2,1314.3,1315.4,1316.4,1327.2,1339.6,1346.0,1345.8,1344.4
Ireland,1484.0,1478.0,1473.0,1474.0,1474.0,1474.0,1484.0,1489.0,1489,1489,1480.0,1486.0,1486.0,1486.0,1486.0,1475.0,1467.0,1456.0,1456.0,1456.0,1456.0,1427.0,1429.0,1419.0,1431.0,1444.0,1444.0,1444.0,1449.0,1449.0,1442.0,1442.0,1440.0,1439.0,1436.0,1426.0,1426.0,1424.3,1474.8,1472.2,1473.6,1473.6,1471.9,1481.9,1487.8,1486.7,1487.0,1478.7,1485.5,1484.6,1485.9,1488.1
Israel,1256.0,1247.0,1267.0,1265.0,1265.0,1265.0,1285.0,1286.0,1286,1286,1278.0,1260.0,1260.0,1260.0,1260.0,1265.0,1275.0,1279.0,1279.0,1279.0,1279.0,1283.0,1288.0,1310.0,1306.0,1307.0,1307.0,1307.0,1306.0,1306.0,1316.0,1316.0,1317.0,1316.0,1307.0,1324.0,1324.0,1322.5,1233.7,1273.8,1267.5,1267.1,1265.8,1285.4,1286.1,1285.9,1285.6,1280.0,1264.6,1263.4,1263.9,1263.6
Italy,1532.0,1526.0,1533.0,1539.0,1539.0,1539.0,1550.0,1569.0,1569,1569,1593.0,1607.0,1607.0,1607.0,1607.0,1612.0,1612.0,1625.0,1625.0,1625.0,1625.0,1642.0,1745.0,1736.0,1751.0,1741.0,1741.0,1741.0,1723.0,1723.0,1714.0,1714.0,1726.0,1724.0,1714.0,1727.0,1727.0,1730.7,1506.0,1532.9,1537.0,1541.2,1538.6,1551.4,1569.0,1569.4,1568.1,1594.3,1608.2,1608.0,1607.9,1608.1
Ivory Coast,1344.0,1351.0,1356.0,1356.0,1356.0,1356.0,1365.0,1394.0,1394,1394,1392.0,1380.0,1378.0,1378.0,1378.0,1378.0,1378.0,1384.0,1384.0,1384.0,1384.0,1398.0,1403.0,1411.0,1424.0,1418.0,1418.0,1440.0,1435.0,1435.0,1436.0,1436.0,1443.0,1441.0,1450.0,1433.0,1433.0,1435.5,1366.7,1348.0,1359.2,1352.0,1356.2,1362.7,1394.0,1395.2,1393.5,1391.8,1380.8,1376.7,1378.7,1377.4
Jamaica,1400.0,1401.0,1401.0,1404.0,1404.0,1404.0,1391.0,1425.0,1425,1425,1441.0,1437.0,1437.0,1437.0,1438.0,1438.0,1438.0,1437.0,1437.0,1437.0,1437.0,1433.0,1423.0,1402.0,1408.0,1412.0,1412.0,1379.0,1379.0,1379.0,1382.0,1382.0,1379.0,1379.0,1382.0,1368.0,1410.0,1400.8,1399.8,1402.5,1403.8,1404.6,1402.4,1394.7,1414.7,1423.1,1425.7,1437.2,1436.9,1438.9,1436.8,1437.8
Japan,1392.0,1398.0,1409.0,1414.0,1414.0,1495.0,1494.0,1481.0,1481,1481,1498.0,1500.0,1500.0,1500.0,1500.0,1500.0,1503.0,1502.0,1502.0,1502.0,1502.0,1509.0,1529.0,1520.0,1518.0,1532.0,1532.0,1550.0,1553.0,1553.0,1553.0,1555.0,1560.0,1593.0,1589.0,1596.0,1596.0,1593.3,1334.6,1436.1,1418.4,1418.6,1495.9,1493.7,1480.2,1482.0,1482.7,1497.9,1498.9,1498.5,1498.2,1498.9
Jordan,1192.0,1189.0,1189.0,1196.0,1196.0,1238.0,1229.0,1229.0,1229,1229,1236.0,1238.0,1238.0,1238.0,1238.0,1238.0,1238.0,1244.0,1244.0,1244.0,1243.0,1252.0,1245.0,1246.0,1254.0,1253.0,1256.0,1260.0,1260.0,1260.0,1280.0,1280.0,1290.0,1290.0,1293.0,1296.0,1296.0,1295.6,1200.2,1184.4,1197.9,1199.4,1239.1,1229.0,1230.2,1230.3,1231.1,1235.1,1237.6,1238.6,1237.0,1238.3
Kazakhstan,1167.0,1160.0,1166.0,1159.0,1159.0,1159.0,1171.0,1174.0,1174,1174,1157.0,1155.0,1155.0,1155.0,1155.0,1156.0,1153.0,1142.0,1142.0,1142.0,1142.0,1147.0,1144.0,1151.0,1137.0,1141.0,1141.0,1141.0,1135.0,1135.0,1166.0,1166.0,1167.0,1163.0,1177.0,1198.0,1198.0,1198.8,1160.2,1166.0,1157.9,1159.4,1157.6,1168.7,1170.2,1173.0,1169.5,1158.1,1158.3,1156.3,1156.8,1155.4
Kenya,1182.0,1204.0,1210.0,1210.0,1210.0,1210.0,1202.0,1201.0,1201,1201,1195.0,1199.0,1199.0,1199.0,1199.0,1199.0,1205.0,1187.0,1187.0,1187.0,1187.0,1205.0,1205.0,1205.0,1189.0,1202.0,1202.0,1202.0,1202.0,1202.0,1202.0,1202.0,1202.0,1202.0,1200.0,1191.0,1191.0,1194.8,1200.8,1203.7,1204.9,1205.5,1205.2,1199.1,1200.5,1198.1,1201.4,1197.2,1198.3,1200.4,1198.7,1200.7
Kosovo,1080.0,1092.0,1099.0,1113.0,1113.0,1113.0,1124.0,1149.0,1149,1149,1184.0,1174.0,1174.0,1174.0,1174.0,1167.0,1158.0,1155.0,1155.0,1155.0,1155.0,1152.0,1159.0,1176.0,1161.0,1163.0,1163.0,1163.0,1163.0,1163.0,1163.0,1163.0,1163.0,1163.0,1163.0,1163.0,1163.0,1164.6,1084.2,1098.3,1106.4,1117.7,1108.2,1128.8,1145.2,1146.9,1147.5,1184.6,1173.5,1173.7,1173.2,1174.5
Kuwait,1012.0,1014.0,1020.0,1018.0,1018.0,1018.0,1022.0,1022.0,1022,1022,1034.0,1059.0,1060.0,1060.0,1060.0,1060.0,1060.0,1060.0,1060.0,1060.0,1057.0,1056.0,1067.0,1065.0,1065.0,1064.0,1064.0,1066.0,1060.0,1060.0,1053.0,1053.0,1053.0,1057.0,1072.0,1084.0,1090.0,1094.5,1018.5,1024.8,1021.8,1020.6,1020.6,1023.3,1023.3,1023.2,1022.6,1033.1,1056.4,1058.8,1060.4,1060.9
Kyrgyzstan,1260.0,1265.0,1268.0,1264.0,1264.0,1253.0,1253.0,1252.0,1252,1252,1252.0,1240.0,1240.0,1240.0,1240.0,1240.0,1240.0,1240.0,1240.0,1240.0,1240.0,1240.0,1223.0,1231.0,1231.0,1229.0,1229.0,1229.0,1218.0,1218.0,1233.0,1233.0,1230.0,1233.0,1225.0,1225.0,1225.0,1225.9,1256.9,1265.2,1262.8,1262.1,1252.1,1252.3,1251.3,1251.4,1250.6,1250.9,1241.6,1242.5,1240.6,1239.1
Laos,948.0,946.0,937.0,923.0,923.0,923.0,923.0,912.0,912,912,912.0,912.0,912.0,912.0,912.0,912.0,912.0,912.0,912.0,912.0,912.0,912.0,912.0,912.0,912.0,912.0,905.0,905.0,915.0,915.0,915.0,915.0,906.0,906.0,900.0,900.0,900.0,900.1,955.4,937.1,922.5,923.3,921.9,921.1,913.0,913.2,914.7,912.1,913.3,912.5,913.5,911.7
Latvia,1122.0,1116.0,1111.0,1112.0,1112.0,1112.0,1101.0,1086.0,1086,1086,1063.0,1079.0,1079.0,1079.0,1079.0,1076.0,1071.0,1082.0,1082.0,1082.0,1082.0,1082.0,1084.0,1092.0,1085.0,1100.0,1100.0,1100.0,1105.0,1105.0,1125.0,1125.0,1114.0,1117.0,1111.0,1096.0,1096.0,1096.3,1112.2,1110.1,1111.5,1111.5,1112.6,1103.7,1087.5,1086.8,1086.8,1065.2,1077.7,1079.9,1078.9,1076.9
Lebanon,1277.0,1277.0,1277.0,1277.0,1277.0,1277.0,1277.0,1277.0,1277,1277,1266.0,1269.0,1269.0,1269.0,1269.0,1269.0,1269.0,1263.0,1263.0,1263.0,1263.0,1256.0,1238.0,1234.0,1250.0,1234.0,1233.0,1229.0,1212.0,1212.0,1212.0,1212.0,1212.0,1208.0,1203.0,1202.0,1206.0,1204.6,1296.0,1269.7,1281.0,1273.7,1280.3,1273.6,1279.3,1274.9,1278.7,1264.1,1269.9,1269.6,1270.3,1269.2
Lesotho,1064.0,1070.0,1055.0,1069.0,1069.0,1069.0,1075.0,1072.0,1072,1072,1076.0,1074.0,1074.0,1074.0,1074.0,1074.0,1074.0,1072.0,1072.0,1072.0,1072.0,1070.0,1058.0,1058.0,1058.0,1058.0,1058.0,1058.0,1062.0,1062.0,1059.0,1061.0,1061.0,1061.0,1046.0,1035.0,1039.0,1038.9,1065.4,1055.2,1064.1,1065.6,1065.5,1070.1,1068.7,1071.0,1072.6,1073.2,1075.6,1074.5,1073.5,1073.0
Liberia,1016.0,1023.0,1035.0,1051.0,1051.0,1051.0,1044.0,1044.0,1044,1044,1047.0,1047.0,1047.0,1047.0,1047.0,1047.0,1047.0,1047.0,1047.0,1047.0,1047.0,1047.0,1050.0,1061.0,1047.0,1058.0,1058.0,1058.0,1050.0,1050.0,1047.0,1051.0,1050.0,1050.0,1050.0,1050.0,1050.0,1051.9,1026.7,1030.9,1049.7,1050.2,1048.2,1045.3,1044.5,1044.1,1043.3,1047.1,1048.4,1046.6,1046.7,1048.6
Libya,1224.0,1226.0,1210.0,1217.0,1217.0,1217.0,1207.0,1207.0,1207,1207,1211.0,1215.0,1215.0,1215.0,1215.0,1215.0,1209.0,1178.0,1178.0,1178.0,1177.0,1156.0,1148.0,1175.0,1162.0,1151.0,1151.0,1150.0,1150.0,1150.0,1148.0,1148.0,1154.0,1157.0,1146.0,1131.0,1131.0,1130.4,1204.9,1200.8,1211.0,1215.5,1216.4,1208.3,1206.9,1207.5,1207.0,1209.4,1215.4,1215.9,1215.3,1214.7
Liechtenstein,944.0,947.0,936.0,937.0,937.0,937.0,932.0,922.0,922,922,933.0,926.0,926.0,926.0,926.0,932.0,930.0,924.0,924.0,924.0,924.0,911.0,908.0,911.0,904.0,900.0,900.0,900.0,895.0,895.0,874.0,874.0,862.0,860.0,856.0,849.0,849.0,844.5,943.4,933.0,934.1,935.0,935.5,930.5,921.5,923.1,920.5,933.0,924.5,925.7,926.3,925.9
Lithuania,1130.0,1123.0,1117.0,1111.0,1111.0,1111.0,1102.0,1101.0,1101,1101,1086.0,1089.0,1089.0,1089.0,1089.0,1093.0,1105.0,1114.0,1114.0,1114.0,1114.0,1103.0,1097.0,1082.0,1098.0,1092.0,1092.0,1092.0,1092.0,1092.0,1074.0,1074.0,1070.0,1069.0,1069.0,1070.0,1070.0,1072.0,1120.8,1120.6,1108.4,1111.7,1109.5,1101.6,1100.7,1101.8,1099.7,1085.9,1088.9,1090.7,1088.5,1088.3
Luxembourg,1286.0,1292.0,1287.0,1276.0,1276.0,1276.0,1277.0,1265.0,1265,1265,1248.0,1236.0,1236.0,1236.0,1236.0,1237.0,1247.0,1235.0,1235.0,1235.0,1235.0,1245.0,1239.0,1245.0,1234.0,1236.0,1236.0,1236.0,1230.0,1230.0,1235.0,1235.0,1244.0,1245.0,1246.0,1263.0,1263.0,1262.9,1297.4,1290.2,1276.1,1276.1,1276.9,1275.3,1266.5,1263.8,1265.6,1245.6,1232.1,1234.4,1236.4,1237.1
Macau,924.0,925.0,925.0,925.0,925.0,925.0,925.0,922.0,922,922,922.0,922.0,922.0,922.0,922.0,922.0,922.0,922.0,922.0,922.0,922.0,922.0,922.0,922.0,922.0,922.0,922.0,922.0,922.0,922.0,922.0,922.0,922.0,922.0,918.0,914.0,914.0,913.3,923.5,923.3,927.3,925.0,925.1,923.7,922.8,922.8,922.3,921.8,921.6,921.9,923.6,922.4
Madagascar,1199.0,1205.0,1224.0,1209.0,1209.0,1209.0,1203.0,1251.0,1251,1251,1249.0,1267.0,1267.0,1267.0,1267.0,1267.0,1264.0,1257.0,1257.0,1257.0,1257.0,1238.0,1238.0,1211.0,1219.0,1206.0,1206.0,1206.0,1206.0,1206.0,1196.0,1194.0,1201.0,1201.0,1181.0,1186.0,1186.0,1186.7,1200.8,1224.4,1212.0,1209.0,1208.6,1202.2,1243.4,1252.1,1250.3,1249.9,1265.2,1266.7,1268.1,1267.5
Malawi,1140.0,1129.0,1129.0,1115.0,1115.0,1115.0,1122.0,1131.0,1131,1131,1140.0,1141.0,1141.0,1141.0,1141.0,1141.0,1141.0,1140.0,1140.0,1140.0,1140.0,1162.0,1154.0,1160.0,1146.0,1127.0,1127.0,1145.0,1145.0,1145.0,1146.0,1145.0,1145.0,1145.0,1135.0,1133.0,1141.0,1141.4,1130.4,1130.3,1116.8,1113.8,1116.5,1122.3,1131.7,1130.8,1130.6,1140.3,1141.8,1140.1,1140.8,1141.4
Malaysia,971.0,972.0,974.0,984.0,985.0,985.0,986.0,1009.0,1009,1009,1009.0,1040.0,1040.0,1040.0,1040.0,1040.0,1040.0,1040.0,1040.0,1040.0,1040.0,1040.0,1041.0,1041.0,1035.0,1035.0,1035.0,1035.0,1035.0,1035.0,1058.0,1058.0,1062.0,1067.0,1082.0,1092.0,1092.0,1092.3,956.1,974.9,983.8,988.6,988.4,988.7,1008.2,1007.8,1008.6,1011.7,1037.6,1037.6,1035.8,1036.3
Maldives,1048.0,1049.0,1049.0,1046.0,1046.0,1046.0,1046.0,1044.0,1044,1044,1039.0,1038.0,1038.0,1038.0,1038.0,1038.0,1038.0,1038.0,1038.0,1038.0,1038.0,1038.0,1028.0,1028.0,1031.0,1022.0,1022.0,1022.0,1026.0,1026.0,1018.0,1018.0,1026.0,1021.0,1025.0,1025.0,1022.0,1021.9,1036.9,1044.6,1045.8,1044.5,1044.3,1045.7,1045.4,1043.5,1043.5,1040.5,1037.7,1039.6,1037.9,1039.4
Mali,1360.0,1365.0,1352.0,1363.0,1363.0,1363.0,1365.0,1389.0,1389,1389,1386.0,1389.0,1389.0,1389.0,1389.0,1389.0,1394.0,1408.0,1408.0,1408.0,1412.0,1401.0,1393.0,1397.0,1412.0,1428.0,1428.0,1446.0,1437.0,1437.0,1448.0,1443.0,1449.0,1449.0,1431.0,1438.0,1438.0,1438.9,1369.2,1357.6,1361.4,1366.0,1361.2,1365.7,1392.3,1387.2,1390.9,1385.0,1390.5,1387.2,1389.8,1389.4
Malta,928.0,928.0,927.0,926.0,926.0,926.0,943.0,939.0,939,939,924.0,919.0,919.0,919.0,919.0,917.0,934.0,951.0,951.0,951.0,951.0,956.0,952.0,963.0,964.0,959.0,959.0,959.0,972.0,972.0,975.0,975.0,978.0,979.0,973.0,973.0,973.0,973.5,918.9,932.8,924.9,924.1,925.2,945.6,938.7,938.2,940.6,923.7,917.3,920.7,919.0,918.2
Mauritania,1200.0,1217.0,1213.0,1222.0,1222.0,1222.0,1210.0,1205.0,1205,1205,1205.0,1223.0,1223.0,1223.0,1223.0,1223.0,1227.0,1207.0,1207.0,1207.0,1207.0,1225.0,1227.0,1201.0,1202.0,1190.0,1190.0,1153.0,1162.0,1162.0,1177.0,1182.0,1198.0,1198.0,1194.0,1205.0,1205.0,1204.3,1214.9,1214.9,1218.9,1222.9,1222.1,1212.3,1204.0,1207.0,1204.1,1205.2,1219.1,1225.2,1221.3,1223.6
Mauritius,1028.0,1022.0,1022.0,1022.0,1022.0,1022.0,1022.0,1019.0,1019,1019,970.0,968.0,965.0,965.0,965.0,965.0,965.0,965.0,965.0,965.0,965.0,965.0,965.0,965.0,965.0,965.0,965.0,955.0,940.0,940.0,940.0,932.0,932.0,932.0,932.0,936.0,936.0,933.1,1031.1,1025.2,1020.7,1021.5,1023.2,1021.1,1018.1,1019.8,1018.3,968.5,967.4,965.1,967.1,966.1
Mexico,1560.0,1550.0,1549.0,1540.0,1540.0,1540.0,1549.0,1604.0,1604,1604,1613.0,1621.0,1621.0,1621.0,1621.0,1621.0,1625.0,1632.0,1632.0,1632.0,1632.0,1630.0,1658.0,1666.0,1673.0,1639.0,1638.0,1648.0,1659.0,1659.0,1650.0,1650.0,1645.0,1636.0,1632.0,1639.0,1666.0,1671.5,1582.2,1555.9,1542.9,1540.2,1539.5,1549.1,1602.7,1602.9,1603.5,1610.4,1618.8,1618.2,1619.8,1619.6
Moldova,957.0,958.0,969.0,979.0,979.0,979.0,974.0,985.0,985,985,963.0,959.0,959.0,959.0,959.0,959.0,954.0,950.0,950.0,950.0,950.0,948.0,954.0,940.0,934.0,928.0,928.0,927.0,933.0,933.0,945.0,945.0,961.0,959.0,973.0,991.0,991.0,994.7,954.0,970.3,976.7,976.6,977.2,972.8,981.6,982.6,983.7,962.9,959.1,958.1,958.8,958.9
Mongolia,920.0,922.0,923.0,915.0,915.0,915.0,915.0,914.0,914,914,915.0,906.0,906.0,906.0,906.0,906.0,906.0,906.0,906.0,906.0,906.0,897.0,917.0,917.0,917.0,917.0,917.0,917.0,911.0,911.0,914.0,914.0,914.0,914.0,912.0,909.0,909.0,908.3,919.7,922.5,916.0,916.6,915.2,913.6,913.3,913.0,913.4,916.7,908.8,907.2,908.2,906.8
Montenegro,1440.0,1444.0,1440.0,1427.0,1427.0,1427.0,1419.0,1401.0,1401,1401,1371.0,1365.0,1365.0,1365.0,1365.0,1376.0,1369.0,1370.0,1370.0,1370.0,1370.0,1368.0,1363.0,1353.0,1346.0,1343.0,1343.0,1343.0,1343.0,1343.0,1355.0,1355.0,1341.0,1339.0,1343.0,1343.0,1343.0,1343.9,1472.2,1434.3,1429.6,1425.0,1428.8,1418.3,1401.4,1402.8,1401.4,1367.8,1366.3,1364.1,1365.0,1363.0
Montserrat,872.0,870.0,879.0,887.0,887.0,887.0,895.0,895.0,895,895,911.0,921.0,921.0,921.0,921.0,921.0,921.0,921.0,921.0,921.0,921.0,934.0,951.0,951.0,951.0,951.0,951.0,951.0,951.0,951.0,948.0,941.0,941.0,941.0,938.0,938.0,938.0,938.4,832.9,879.4,889.9,887.3,885.2,894.0,895.9,897.2,894.9,911.3,919.6,922.0,921.0,921.0
Morocco,1418.0,1425.0,1422.0,1440.0,1440.0,1440.0,1429.0,1461.0,1461,1461,1457.0,1456.0,1456.0,1456.0,1456.0,1456.0,1461.0,1474.0,1474.0,1474.0,1481.0,1479.0,1488.0,1493.0,1513.0,1526.0,1530.0,1547.0,1552.0,1552.0,1559.0,1558.0,1564.0,1672.0,1678.0,1656.0,1656.0,1654.5,1400.1,1419.9,1415.8,1460.9,1421.3,1446.2,1450.8,1469.8,1452.3,1465.4,1448.3,1465.8,1447.0,1465.3
Mozambique,1176.0,1175.0,1151.0,1167.0,1167.0,1167.0,1166.0,1163.0,1163,1163,1186.0,1200.0,1200.0,1200.0,1200.0,1200.0,1200.0,1185.0,1185.0,1185.0,1185.0,1162.0,1166.0,1159.0,1145.0,1151.0,1151.0,1151.0,1146.0,1146.0,1161.0,1165.0,1165.0,1164.0,1155.0,1166.0,1164.0,1163.8,1175.1,1155.1,1161.6,1169.6,1167.3,1166.7,1163.9,1161.7,1161.7,1182.4,1199.9,1201.2,1199.5,1200.2
Myanmar,1092.0,1092.0,1080.0,1085.0,1085.0,1085.0,1080.0,1084.0,1084,1084,1055.0,1081.0,1081.0,1081.0,1081.0,1081.0,1081.0,1081.0,1081.0,1081.0,1081.0,1081.0,1057.0,1057.0,1057.0,1053.0,1045.0,1045.0,1045.0,1045.0,1012.0,1012.0,1008.0,1006.0,998.0,1000.0,1000.0,1000.1,1088.2,1087.8,1077.9,1090.0,1078.7,1085.9,1081.2,1088.8,1076.8,1061.2,1075.0,1088.1,1074.6,1088.1
N. Ireland,1492.0,1487.0,1472.0,1465.0,1465.0,1465.0,1481.0,1496.0,1496,1496,1483.0,1476.0,1476.0,1476.0,1476.0,1468.0,1458.0,1440.0,1440.0,1440.0,1440.0,1426.0,1422.0,1435.0,1412.0,1425.0,1425.0,1425.0,1424.0,1424.0,1399.0,1399.0,1397.0,1397.0,1386.0,1361.0,1361.0,1357.2,1466.8,1460.0,1456.9,1457.9,1460.3,1477.7,1490.7,1493.4,1494.0,1480.4,1474.0,1473.0,1473.3,1473.1
Namibia,1166.0,1170.0,1192.0,1191.0,1191.0,1191.0,1181.0,1148.0,1148,1148,1163.0,1160.0,1160.0,1160.0,1160.0,1160.0,1162.0,1147.0,1147.0,1147.0,1143.0,1168.0,1172.0,1185.0,1176.0,1163.0,1163.0,1163.0,1163.0,1163.0,1161.0,1164.0,1164.0,1164.0,1190.0,1175.0,1172.0,1172.9,1169.6,1191.9,1191.0,1184.3,1186.5,1177.9,1145.4,1151.9,1150.4,1165.7,1160.4,1161.0,1159.5,1159.7
Nepal,1004.0,1004.0,1001.0,1001.0,1001.0,1001.0,996.0,995.0,995,995,988.0,974.0,974.0,974.0,974.0,974.0,974.0,968.0,968.0,968.0,968.0,968.0,972.0,971.0,972.0,972.0,972.0,982.0,979.0,979.0,950.0,950.0,955.0,957.0,963.0,959.0,958.0,959.9,1002.2,999.8,998.7,998.8,1001.6,996.2,993.9,994.4,994.8,987.2,973.7,975.8,973.9,977.1
Netherlands,1540.0,1540.0,1550.0,1560.0,1560.0,1560.0,1554.0,1569.0,1569,1569,1602.0,1604.0,1604.0,1604.0,1604.0,1603.0,1596.0,1609.0,1609.0,1609.0,1609.0,1598.0,1637.0,1648.0,1652.0,1654.0,1654.0,1654.0,1659.0,1659.0,1679.0,1679.0,1695.0,1741.0,1731.0,1731.0,1731.0,1735.5,1529.6,1548.4,1565.2,1563.7,1554.5,1555.0,1566.7,1570.0,1567.4,1603.7,1600.9,1606.6,1603.9,1605.5
New Caledonia,1032.0,1032.0,1032.0,1036.0,1036.0,1036.0,1026.0,1035.0,1035,1035,1035.0,1035.0,1035.0,1035.0,1035.0,1035.0,1035.0,1035.0,1035.0,1035.0,1035.0,1035.0,1035.0,1035.0,1035.0,1035.0,1035.0,1035.0,1000.0,1000.0,1000.0,1000.0,996.0,996.0,996.0,996.0,996.0,995.9,1029.6,1033.4,1032.6,1039.9,1033.4,1030.5,1032.3,1037.7,1032.1,1037.9,1033.8,1037.4,1033.9,1037.0
New Zealand,1157.0,1157.0,1157.0,1157.0,1157.0,1157.0,1157.0,1157.0,1157,1157,1157.0,1149.0,1149.0,1149.0,1149.0,1149.0,1149.0,1149.0,1149.0,1149.0,1149.0,1149.0,1149.0,1149.0,1162.0,1166.0,1166.0,1162.0,1206.0,1206.0,1199.0,1199.0,1194.0,1194.0,1201.0,1199.0,1199.0,1201.1,1158.0,1157.5,1156.6,1157.4,1158.6,1156.7,1156.1,1159.0,1156.2,1158.2,1152.4,1149.9,1150.3,1148.9
Nicaragua,1116.0,1121.0,1125.0,1119.0,1119.0,1119.0,1120.0,1075.0,1075,1075,1077.0,1050.0,1050.0,1050.0,1051.0,1051.0,1055.0,1055.0,1055.0,1055.0,1055.0,1061.0,1064.0,1064.0,1064.0,1062.0,1062.0,1062.0,1062.0,1062.0,1079.0,1079.0,1072.0,1072.0,1079.0,1076.0,1076.0,1078.6,1120.2,1125.1,1118.2,1116.1,1121.2,1120.9,1074.1,1075.1,1075.8,1077.6,1049.3,1049.2,1049.8,1050.7
Niger,1216.0,1207.0,1195.0,1205.0,1205.0,1205.0,1209.0,1209.0,1209,1209,1198.0,1179.0,1179.0,1179.0,1179.0,1179.0,1179.0,1173.0,1173.0,1173.0,1172.0,1166.0,1156.0,1156.0,1146.0,1158.0,1158.0,1158.0,1153.0,1153.0,1155.0,1155.0,1153.0,1149.0,1143.0,1130.0,1130.0,1126.8,1195.2,1187.4,1201.3,1200.9,1203.9,1208.8,1209.1,1209.2,1208.8,1197.4,1179.9,1180.0,1179.8,1179.5
Nigeria,1410.0,1415.0,1431.0,1427.0,1427.0,1427.0,1435.0,1481.0,1481,1481,1481.0,1493.0,1493.0,1493.0,1493.0,1493.0,1488.0,1474.0,1474.0,1474.0,1474.0,1487.0,1480.0,1492.0,1478.0,1479.0,1479.0,1510.0,1504.0,1504.0,1505.0,1505.0,1498.0,1494.0,1481.0,1486.0,1486.0,1489.4,1415.2,1429.7,1427.6,1425.1,1426.8,1434.5,1477.7,1479.6,1480.7,1481.3,1491.5,1494.6,1492.8,1492.3
North Korea,1196.0,1196.0,1191.0,1196.0,1196.0,1152.0,1152.0,1154.0,1154,1154,1182.0,1170.0,1170.0,1170.0,1170.0,1170.0,1170.0,1170.0,1170.0,1170.0,1170.0,1170.0,1170.0,1170.0,1170.0,1170.0,1170.0,1170.0,1170.0,1170.0,1170.0,1170.0,1170.0,1170.0,1170.0,1170.0,1170.0,1170.0,1190.7,1187.5,1193.0,1192.7,1159.3,1159.1,1159.4,1160.5,1158.7,1177.9,1171.0,1170.9,1170.9,1170.3
North Macedonia,1336.0,1344.0,1338.0,1343.0,1343.0,1343.0,1350.0,1333.0,1333,1333,1344.0,1347.0,1347.0,1347.0,1347.0,1351.0,1356.0,1362.0,1362.0,1362.0,1362.0,1375.0,1343.0,1345.0,1343.0,1367.0,1367.0,1367.0,1381.0,1381.0,1375.0,1375.0,1359.0,1355.0,1363.0,1351.0,1351.0,1352.4,1347.8,1338.6,1339.8,1341.3,1344.5,1348.2,1336.5,1333.1,1332.9,1342.1,1347.1,1347.1,1349.1,1346.6
Norway,1406.0,1405.0,1420.0,1425.0,1425.0,1425.0,1420.0,1429.0,1429,1429,1441.0,1451.0,1451.0,1451.0,1451.0,1452.0,1456.0,1450.0,1450.0,1450.0,1450.0,1452.0,1450.0,1462.0,1472.0,1455.0,1455.0,1455.0,1464.0,1464.0,1489.0,1489.0,1473.0,1475.0,1464.0,1458.0,1458.0,1459.0,1397.9,1417.6,1424.7,1425.5,1423.8,1423.0,1428.7,1428.9,1428.9,1439.1,1450.4,1450.9,1452.2,1450.2
Oman,1288.0,1287.0,1287.0,1291.0,1295.0,1273.0,1277.0,1277.0,1277,1277,1289.0,1304.0,1303.0,1303.0,1303.0,1303.0,1303.0,1303.0,1303.0,1303.0,1303.0,1302.0,1305.0,1312.0,1314.0,1307.0,1306.0,1301.0,1324.0,1324.0,1323.0,1323.0,1320.0,1321.0,1334.0,1332.0,1332.0,1331.8,1287.9,1289.1,1293.8,1295.6,1274.4,1279.2,1279.8,1279.2,1279.0,1290.1,1303.8,1301.8,1303.6,1302.5
Pakistan,884.0,890.0,890.0,888.0,888.0,888.0,888.0,867.0,867,867,867.0,867.0,867.0,867.0,867.0,867.0,867.0,867.0,867.0,867.0,867.0,867.0,867.0,867.0,867.0,867.0,867.0,867.0,867.0,867.0,867.0,867.0,867.0,865.0,861.0,852.0,848.0,847.3,883.2,885.5,884.7,885.9,884.4,885.5,868.6,867.2,866.5,869.2,867.1,868.5,867.3,868.1
Palestine,1230.0,1225.0,1233.0,1236.0,1236.0,1224.0,1224.0,1224.0,1224,1224,1226.0,1199.0,1204.0,1204.0,1204.0,1204.0,1204.0,1204.0,1204.0,1204.0,1206.0,1197.0,1216.0,1211.0,1211.0,1211.0,1209.0,1209.0,1209.0,1209.0,1234.0,1234.0,1234.0,1234.0,1239.0,1233.0,1233.0,1234.3,1225.3,1230.0,1234.9,1234.9,1227.5,1225.0,1225.9,1224.9,1223.9,1224.8,1206.3,1206.4,1204.3,1205.3
Panama,1343.0,1339.0,1335.0,1326.0,1326.0,1324.0,1327.0,1331.0,1331,1331,1310.0,1304.0,1304.0,1304.0,1305.0,1305.0,1317.0,1311.0,1311.0,1311.0,1312.0,1322.0,1335.0,1359.0,1354.0,1379.0,1379.0,1376.0,1383.0,1383.0,1387.0,1389.0,1393.0,1392.0,1399.0,1399.0,1454.0,1463.6,1438.4,1348.2,1328.3,1325.9,1324.5,1326.6,1331.3,1332.3,1329.9,1314.5,1303.7,1305.5,1303.6,1304.9
Papua N. Guinea,984.0,984.0,984.0,984.0,984.0,984.0,984.0,991.0,991,991,991.0,991.0,991.0,991.0,991.0,991.0,991.0,991.0,991.0,991.0,991.0,991.0,991.0,991.0,991.0,991.0,991.0,991.0,998.0,998.0,998.0,998.0,1007.0,1007.0,1007.0,1003.0,1003.0,1002.6,990.0,981.9,982.5,979.7,985.3,983.5,989.4,991.0,991.8,992.2,992.1,990.7,989.2,992.8
Paraguay,1477.0,1477.0,1477.0,1476.0,1476.0,1476.0,1467.0,1464.0,1464,1464,1458.0,1461.0,1461.0,1461.0,1461.0,1461.0,1476.0,1476.0,1476.0,1476.0,1476.0,1476.0,1483.0,1484.0,1461.0,1455.0,1455.0,1441.0,1443.0,1443.0,1440.0,1440.0,1449.0,1445.0,1441.0,1443.0,1443.0,1446.8,1484.4,1470.6,1481.7,1472.4,1482.2,1462.2,1466.6,1463.7,1467.0,1458.0,1462.3,1461.0,1460.4,1460.2
Peru,1535.0,1525.0,1530.0,1518.0,1518.0,1518.0,1516.0,1552.0,1552,1552,1548.0,1544.0,1544.0,1544.0,1544.0,1544.0,1533.0,1512.0,1512.0,1512.0,1512.0,1512.0,1543.0,1549.0,1534.0,1551.0,1551.0,1563.0,1562.0,1562.0,1562.0,1562.0,1561.0,1564.0,1561.0,1561.0,1561.0,1558.6,1523.8,1531.4,1519.1,1518.5,1518.3,1515.4,1549.5,1553.0,1551.0,1547.9,1546.2,1544.9,1544.1,1545.7
Philippines,1172.0,1172.0,1171.0,1176.0,1171.0,1135.0,1135.0,1131.0,1131,1131,1134.0,1136.0,1136.0,1136.0,1136.0,1136.0,1136.0,1136.0,1136.0,1136.0,1136.0,1136.0,1132.0,1132.0,1132.0,1132.0,1130.0,1130.0,1118.0,1118.0,1114.0,1115.0,1115.0,1113.0,1098.0,1096.0,1096.0,1096.9,1180.1,1171.8,1176.6,1169.7,1133.2,1136.3,1130.5,1131.5,1132.2,1133.9,1135.9,1136.1,1136.8,1135.1
Poland,1538.0,1537.0,1523.0,1518.0,1518.0,1518.0,1535.0,1550.0,1550,1550,1544.0,1559.0,1559.0,1559.0,1559.0,1558.0,1568.0,1559.0,1559.0,1559.0,1559.0,1550.0,1516.0,1532.0,1542.0,1531.0,1531.0,1531.0,1544.0,1544.0,1546.0,1546.0,1549.0,1560.0,1554.0,1537.0,1537.0,1538.4,1539.2,1520.7,1521.6,1516.8,1520.3,1539.1,1550.3,1548.8,1552.0,1541.8,1565.3,1552.9,1564.1,1554.8
Portugal,1599.0,1606.0,1616.0,1614.0,1614.0,1614.0,1607.0,1631.0,1631,1631,1632.0,1639.0,1639.0,1639.0,1639.0,1653.0,1661.0,1662.0,1662.0,1662.0,1662.0,1666.0,1662.0,1675.0,1682.0,1660.0,1660.0,1660.0,1675.0,1675.0,1679.0,1679.0,1677.0,1703.0,1707.0,1718.0,1718.0,1719.3,1629.4,1627.4,1619.4,1616.2,1616.9,1611.7,1631.9,1631.6,1631.9,1632.9,1639.6,1639.7,1641.2,1639.2
Puerto Rico,960.0,955.0,955.0,948.0,948.0,948.0,940.0,940.0,940,940,940.0,941.0,941.0,941.0,941.0,941.0,941.0,941.0,941.0,941.0,942.0,939.0,963.0,963.0,963.0,963.0,963.0,963.0,963.0,963.0,974.0,974.0,974.0,974.0,985.0,994.0,994.0,996.9,952.3,954.8,948.9,948.2,947.0,940.1,941.8,940.1,939.5,940.5,939.6,941.2,940.8,943.6
Qatar,1236.0,1247.0,1248.0,1258.0,1258.0,1398.0,1398.0,1375.0,1375,1375,1391.0,1398.0,1396.0,1396.0,1396.0,1396.0,1391.0,1387.0,1391.0,1391.0,1391.0,1398.0,1455.0,1446.0,1438.0,1431.0,1438.0,1438.0,1441.0,1441.0,1441.0,1442.0,1440.0,1394.0,1389.0,1394.0,1396.0,1396.3,1242.0,1249.5,1256.4,1258.4,1393.7,1396.0,1371.6,1372.3,1373.5,1386.9,1392.4,1393.9,1391.8,1391.3
Romania,1490.0,1489.0,1491.0,1501.0,1501.0,1501.0,1496.0,1497.0,1497,1497,1495.0,1475.0,1475.0,1475.0,1475.0,1483.0,1455.0,1466.0,1466.0,1466.0,1466.0,1449.0,1440.0,1452.0,1452.0,1453.0,1453.0,1453.0,1447.0,1447.0,1428.0,1428.0,1435.0,1433.0,1445.0,1444.0,1444.0,1441.8,1479.5,1488.7,1498.7,1502.1,1501.8,1497.5,1496.2,1498.2,1498.4,1497.6,1477.3,1473.4,1474.6,1474.8
Russia,1410.0,1423.0,1433.0,1424.0,1424.0,1424.0,1425.0,1436.0,1436,1436,1474.0,1470.0,1470.0,1470.0,1470.0,1485.0,1480.0,1461.0,1461.0,1461.0,1461.0,1463.0,1462.0,1475.0,1497.0,1493.0,1493.0,1493.0,1493.0,1493.0,1493.0,1493.0,1496.0,1491.0,1496.0,1496.0,1496.0,1497.9,1415.7,1433.9,1426.2,1423.2,1423.7,1425.2,1433.6,1436.9,1438.2,1470.1,1470.7,1469.3,1469.9,1469.5
Rwanda,1100.0,1093.0,1092.0,1094.0,1094.0,1094.0,1088.0,1088.0,1088,1088,1106.0,1089.0,1089.0,1089.0,1089.0,1089.0,1089.0,1099.0,1099.0,1099.0,1103.0,1124.0,1134.0,1129.0,1112.0,1095.0,1095.0,1097.0,1097.0,1097.0,1095.0,1095.0,1094.0,1094.0,1101.0,1089.0,1089.0,1091.0,1093.3,1091.3,1095.2,1093.8,1095.2,1088.3,1090.5,1089.6,1089.7,1104.7,1090.2,1090.1,1089.1,1089.5
Saint Lucia,972.0,982.0,977.0,976.0,976.0,976.0,975.0,975.0,975,975,953.0,953.0,953.0,953.0,953.0,953.0,953.0,953.0,953.0,953.0,953.0,953.0,953.0,953.0,953.0,953.0,953.0,953.0,953.0,953.0,966.0,966.0,966.0,965.0,979.0,979.0,979.0,978.9,981.4,976.2,976.9,976.3,975.0,975.7,974.6,974.6,975.3,951.9,952.9,952.5,951.3,953.8
Samoa,896.0,896.0,896.0,896.0,896.0,896.0,896.0,894.0,894,894,894.0,894.0,894.0,894.0,894.0,894.0,894.0,894.0,894.0,894.0,894.0,894.0,894.0,894.0,894.0,894.0,894.0,894.0,894.0,894.0,894.0,894.0,894.0,894.0,894.0,894.0,894.0,894.7,894.1,896.2,895.7,895.9,897.7,896.9,895.1,894.7,892.9,895.4,893.1,895.8,894.0,893.1
San Marino,876.0,871.0,862.0,854.0,854.0,854.0,848.0,839.0,839,839,831.0,824.0,824.0,824.0,824.0,811.0,812.0,810.0,810.0,810.0,810.0,805.0,802.0,791.0,783.0,780.0,780.0,780.0,777.0,777.0,764.0,764.0,762.0,763.0,759.0,753.0,753.0,749.5,914.9,859.7,850.9,852.7,852.9,847.4,839.7,837.8,837.8,829.6,825.3,825.5,824.6,824.0
Saudi Arabia,1336.0,1337.0,1334.0,1335.0,1335.0,1344.0,1342.0,1342.0,1342,1342,1339.0,1351.0,1351.0,1351.0,1351.0,1351.0,1351.0,1353.0,1353.0,1353.0,1353.0,1364.0,1386.0,1406.0,1432.0,1441.0,1435.0,1434.0,1445.0,1445.0,1436.0,1436.0,1438.0,1438.0,1421.0,1421.0,1421.0,1421.2,1286.4,1324.2,1331.5,1333.6,1343.2,1341.8,1342.7,1341.1,1340.4,1338.4,1352.7,1352.2,1352.8,1351.4
Scotland,1444.0,1448.0,1435.0,1446.0,1446.0,1446.0,1446.0,1433.0,1433,1433,1406.0,1422.0,1422.0,1422.0,1422.0,1428.0,1446.0,1436.0,1436.0,1436.0,1436.0,1441.0,1425.0,1436.0,1451.0,1472.0,1472.0,1472.0,1473.0,1473.0,1463.0,1463.0,1480.0,1477.0,1501.0,1520.0,1520.0,1519.9,1448.3,1437.2,1448.6,1446.9,1447.4,1447.6,1431.5,1433.0,1433.9,1407.9,1425.0,1424.4,1424.0,1426.1
Senegal,1498.0,1492.0,1501.0,1505.0,1505.0,1505.0,1515.0,1550.0,1550,1550,1546.0,1555.0,1555.0,1555.0,1555.0,1555.0,1549.0,1558.0,1558.0,1558.0,1558.0,1542.0,1545.0,1555.0,1565.0,1562.0,1562.0,1588.0,1584.0,1584.0,1593.0,1585.0,1584.0,1604.0,1613.0,1613.0,1613.0,1611.5,1498.1,1505.7,1508.1,1508.1,1507.3,1517.4,1546.7,1549.9,1547.1,1545.9,1553.7,1551.9,1554.8,1553.5
Serbia,1459.0,1463.0,1471.0,1481.0,1481.0,1481.0,1484.0,1477.0,1477,1477,1485.0,1494.0,1494.0,1494.0,1494.0,1486.0,1489.0,1495.0,1495.0,1495.0,1492.0,1513.0,1507.0,1516.0,1527.0,1547.0,1547.0,1547.0,1548.0,1548.0,1550.0,1550.0,1564.0,1526.0,1542.0,1539.0,1539.0,1537.0,1485.4,1457.3,1478.0,1479.0,1482.5,1483.3,1478.0,1477.1,1477.1,1482.8,1492.2,1493.1,1494.5,1495.4
Seychelles,916.0,913.0,917.0,911.0,911.0,911.0,908.0,904.0,904,904,868.0,868.0,866.0,866.0,866.0,866.0,866.0,866.0,866.0,866.0,866.0,866.0,866.0,863.0,863.0,870.0,871.0,871.0,867.0,867.0,867.0,860.0,860.0,860.0,860.0,860.0,857.0,858.5,907.4,917.6,914.2,908.6,912.8,906.3,904.8,903.4,904.7,867.0,866.7,865.0,865.7,866.1
Sierra Leone,1188.0,1172.0,1172.0,1172.0,1172.0,1172.0,1172.0,1172.0,1172,1172,1167.0,1155.0,1155.0,1155.0,1155.0,1155.0,1151.0,1165.0,1165.0,1165.0,1165.0,1163.0,1178.0,1178.0,1180.0,1174.0,1174.0,1174.0,1174.0,1174.0,1168.0,1170.0,1160.0,1160.0,1162.0,1156.0,1156.0,1155.8,1171.6,1172.9,1170.9,1169.9,1172.7,1173.6,1172.1,1170.6,1173.2,1166.6,1156.3,1155.8,1155.5,1156.7
Singapore,976.0,982.0,991.0,991.0,991.0,991.0,998.0,999.0,999,999,1008.0,1020.0,1020.0,1020.0,1020.0,1020.0,1020.0,1020.0,1020.0,1020.0,1020.0,1020.0,1000.0,1000.0,1000.0,997.0,1003.0,1001.0,1001.0,1001.0,1001.0,1001.0,1001.0,1001.0,1001.0,1001.0,1001.0,1002.1,979.0,990.3,991.8,990.2,991.2,996.8,999.0,998.3,1000.9,1008.8,1021.3,1022.1,1021.5,1019.3
Slovakia,1493.0,1491.0,1483.0,1483.0,1483.0,1483.0,1482.0,1491.0,1491,1491,1493.0,1490.0,1490.0,1490.0,1490.0,1479.0,1466.0,1478.0,1478.0,1478.0,1478.0,1475.0,1467.0,1463.0,1454.0,1455.0,1455.0,1455.0,1455.0,1455.0,1440.0,1440.0,1426.0,1426.0,1434.0,1447.0,1447.0,1447.4,1500.0,1488.0,1479.1,1486.5,1479.4,1483.7,1488.1,1493.7,1489.0,1497.4,1487.4,1492.3,1488.6,1492.0
Slovenia,1392.0,1376.0,1367.0,1369.0,1369.0,1369.0,1366.0,1363.0,1363,1363,1367.0,1365.0,1365.0,1365.0,1365.0,1368.0,1376.0,1379.0,1379.0,1379.0,1379.0,1370.0,1371.0,1370.0,1365.0,1375.0,1375.0,1375.0,1378.0,1378.0,1372.0,1372.0,1384.0,1389.0,1398.0,1391.0,1391.0,1392.5,1372.9,1366.7,1368.8,1369.8,1369.3,1367.9,1363.2,1365.4,1362.0,1369.9,1363.5,1364.9,1364.2,1365.5
Solomon Islands,1072.0,1073.0,1073.0,1073.0,1073.0,1073.0,1083.0,1073.0,1073,1073,1073.0,1073.0,1073.0,1073.0,1073.0,1073.0,1073.0,1073.0,1073.0,1073.0,1073.0,1073.0,1073.0,1073.0,1073.0,1073.0,1073.0,1073.0,1093.0,1093.0,1093.0,1093.0,1096.0,1096.0,1104.0,1098.0,1098.0,1099.0,1078.2,1071.5,1073.6,1070.2,1076.4,1080.5,1075.0,1068.3,1076.2,1069.5,1076.3,1070.6,1073.6,1071.8
Somalia,868.0,868.0,868.0,868.0,868.0,868.0,868.0,868.0,868,868,879.0,879.0,879.0,879.0,879.0,879.0,879.0,879.0,879.0,879.0,879.0,879.0,874.0,874.0,874.0,874.0,874.0,874.0,857.0,857.0,857.0,855.0,855.0,855.0,855.0,855.0,855.0,855.4,868.4,868.3,869.4,866.3,867.8,867.3,869.0,869.1,867.3,878.9,878.1,879.5,879.4,880.0
South Africa,1327.0,1325.0,1321.0,1325.0,1325.0,1325.0,1335.0,1338.0,1338,1338,1337.0,1334.0,1334.0,1334.0,1334.0,1334.0,1332.0,1341.0,1341.0,1341.0,1341.0,1326.0,1338.0,1349.0,1362.0,1358.0,1358.0,1358.0,1356.0,1356.0,1348.0,1351.0,1350.0,1350.0,1350.0,1369.0,1368.0,1368.6,1334.6,1325.5,1321.1,1329.0,1324.7,1338.0,1336.0,1339.9,1335.1,1338.8,1332.1,1335.4,1334.4,1336.1
South Korea,1387.0,1395.0,1401.0,1405.0,1405.0,1451.0,1462.0,1467.0,1467,1467,1466.0,1459.0,1464.0,1464.0,1464.0,1464.0,1464.0,1465.0,1465.0,1465.0,1465.0,1460.0,1475.0,1479.0,1489.0,1507.0,1507.0,1523.0,1520.0,1520.0,1526.0,1526.0,1530.0,1539.0,1536.0,1529.0,1529.0,1530.7,1363.0,1397.3,1404.7,1406.8,1451.9,1461.7,1466.9,1468.7,1470.3,1465.8,1459.3,1463.8,1463.6,1461.6
South Sudan,1024.0,1019.0,1005.0,994.0,994.0,994.0,989.0,989.0,989,989,997.0,983.0,983.0,983.0,983.0,983.0,983.0,998.0,998.0,998.0,998.0,984.0,983.0,983.0,980.0,980.0,980.0,978.0,998.0,998.0,986.0,984.0,984.0,984.0,993.0,983.0,983.0,983.1,1022.7,1002.9,993.9,994.7,996.3,989.7,989.8,990.5,990.2,994.7,985.7,985.7,985.4,984.4
Spain,1580.0,1597.0,1594.0,1591.0,1591.0,1591.0,1601.0,1617.0,1617,1617,1625.0,1636.0,1636.0,1636.0,1636.0,1642.0,1639.0,1645.0,1645.0,1645.0,1645.0,1648.0,1680.0,1674.0,1688.0,1705.0,1705.0,1705.0,1709.0,1709.0,1717.0,1717.0,1715.0,1693.0,1683.0,1703.0,1703.0,1704.1,1559.2,1602.3,1587.2,1593.7,1592.1,1603.3,1617.3,1616.4,1617.9,1624.6,1636.2,1637.2,1636.5,1636.3
Sri Lanka,888.0,890.0,886.0,886.0,886.0,886.0,886.0,886.0,886,886,864.0,856.0,853.0,853.0,853.0,853.0,853.0,853.0,853.0,853.0,853.0,853.0,847.0,847.0,840.0,843.0,843.0,843.0,843.0,843.0,825.0,825.0,825.0,825.0,825.0,825.0,825.0,825.4,899.3,887.8,882.7,887.3,884.7,887.4,881.8,886.7,884.1,866.4,857.7,853.1,853.8,854.2
St. Kitts/Nevis,1104.0,1109.0,1109.0,1105.0,1105.0,1105.0,1096.0,1096.0,1096,1096,1076.0,1074.0,1074.0,1074.0,1074.0,1074.0,1074.0,1074.0,1074.0,1074.0,1074.0,1091.0,1078.0,1078.0,1078.0,1078.0,1078.0,1078.0,1072.0,1072.0,1077.0,1077.0,1077.0,1077.0,1081.0,1092.0,1067.0,1075.2,1078.7,1104.9,1104.9,1102.6,1105.3,1099.2,1095.3,1096.8,1096.1,1083.4,1076.3,1073.1,1072.5,1073.1
St. Vincent,960.0,955.0,955.0,946.0,946.0,946.0,954.0,954.0,954,954,986.0,986.0,986.0,986.0,986.0,986.0,986.0,986.0,986.0,986.0,986.0,989.0,961.0,961.0,961.0,961.0,961.0,961.0,961.0,961.0,940.0,940.0,945.0,945.0,938.0,938.0,938.0,939.4,953.5,954.8,946.3,944.9,944.7,953.0,953.7,953.1,954.5,982.9,984.8,984.9,986.6,983.6
Sudan,1128.0,1114.0,1105.0,1120.0,1120.0,1120.0,1106.0,1106.0,1106,1106,1111.0,1112.0,1112.0,1112.0,1112.0,1112.0,1110.0,1124.0,1124.0,1124.0,1124.0,1149.0,1148.0,1131.0,1140.0,1136.0,1132.0,1118.0,1118.0,1118.0,1125.0,1125.0,1127.0,1127.0,1133.0,1116.0,1116.0,1115.3,1115.5,1109.1,1121.0,1118.1,1122.3,1111.8,1108.3,1109.8,1107.5,1112.9,1114.2,1113.3,1115.9,1114.8
Suriname,1036.0,1035.0,1040.0,1037.0,1037.0,1037.0,1045.0,1045.0,1045,1045,1052.0,1073.0,1073.0,1073.0,1073.0,1073.0,1073.0,1073.0,1073.0,1073.0,1073.0,1089.0,1078.0,1078.0,1078.0,1078.0,1078.0,1078.0,1073.0,1073.0,1072.0,1072.0,1077.0,1077.0,1076.0,1074.0,1074.0,1072.8,1036.8,1037.5,1040.9,1036.1,1036.8,1043.7,1046.9,1044.5,1046.0,1051.4,1070.8,1070.8,1070.6,1072.2
Sweden,1565.0,1550.0,1548.0,1560.0,1560.0,1560.0,1567.0,1558.0,1558,1558,1563.0,1579.0,1579.0,1579.0,1579.0,1567.0,1558.0,1558.0,1558.0,1558.0,1558.0,1570.0,1607.0,1606.0,1619.0,1588.0,1588.0,1588.0,1585.0,1585.0,1563.0,1563.0,1553.0,1558.0,1559.0,1547.0,1547.0,1547.1,1551.2,1547.9,1560.2,1560.4,1560.4,1564.4,1560.3,1558.6,1558.5,1562.0,1578.7,1578.8,1580.3,1579.3
Switzerland,1597.0,1598.0,1598.0,1599.0,1599.0,1599.0,1604.0,1605.0,1605,1605,1601.0,1608.0,1608.0,1608.0,1608.0,1600.0,1589.0,1586.0,1593.0,1593.0,1593.0,1606.0,1621.0,1623.0,1634.0,1643.0,1643.0,1643.0,1635.0,1635.0,1621.0,1621.0,1636.0,1655.0,1664.0,1661.0,1661.0,1662.0,1573.0,1611.9,1598.8,1598.9,1600.7,1603.5,1604.0,1606.3,1604.0,1600.1,1609.6,1608.3,1608.0,1608.7
Syria,1328.0,1322.0,1320.0,1322.0,1322.0,1286.0,1286.0,1277.0,1277,1277,1292.0,1314.0,1314.0,1314.0,1314.0,1314.0,1314.0,1313.0,1313.0,1313.0,1313.0,1304.0,1303.0,1297.0,1275.0,1270.0,1269.0,1251.0,1265.0,1265.0,1265.0,1265.0,1256.0,1251.0,1247.0,1242.0,1242.0,1242.0,1333.0,1321.1,1321.7,1319.0,1288.6,1285.2,1278.0,1280.5,1278.2,1292.4,1309.7,1311.3,1311.0,1313.2
S√£o Tom√© and P.,920.0,920.0,920.0,920.0,920.0,920.0,920.0,920.0,920,920,934.0,923.0,923.0,923.0,923.0,923.0,923.0,914.0,914.0,914.0,914.0,903.0,903.0,903.0,903.0,903.0,903.0,903.0,918.0,918.0,908.0,908.0,908.0,908.0,907.0,900.0,900.0,898.9,915.7,918.5,918.7,921.1,919.4,920.6,919.5,919.3,919.5,929.8,921.5,922.4,923.2,923.3
Tahiti,1020.0,1020.0,1020.0,1020.0,1020.0,1020.0,1020.0,1014.0,1014,1014,1014.0,1014.0,1014.0,1014.0,1014.0,1014.0,1014.0,1014.0,1014.0,1014.0,1014.0,1014.0,1014.0,1014.0,1014.0,1014.0,1014.0,1014.0,995.0,995.0,995.0,995.0,995.0,995.0,995.0,995.0,995.0,993.9,1020.3,1018.1,1020.5,1019.7,1020.8,1020.2,1015.0,1013.9,1014.1,1014.7,1015.4,1012.6,1013.9,1014.1
Tajikistan,1156.0,1156.0,1161.0,1161.0,1158.0,1155.0,1155.0,1152.0,1152,1152,1168.0,1152.0,1152.0,1152.0,1152.0,1148.0,1148.0,1143.0,1143.0,1143.0,1144.0,1151.0,1158.0,1158.0,1158.0,1153.0,1153.0,1153.0,1159.0,1159.0,1179.0,1179.0,1186.0,1187.0,1182.0,1180.0,1180.0,1177.8,1159.5,1158.2,1163.4,1154.5,1157.3,1152.8,1153.5,1150.0,1152.8,1164.6,1156.4,1148.4,1149.9,1153.0
Tanzania,1084.0,1089.0,1101.0,1087.0,1087.0,1087.0,1105.0,1075.0,1075,1075,1084.0,1086.0,1086.0,1086.0,1086.0,1086.0,1081.0,1085.0,1085.0,1085.0,1087.0,1088.0,1094.0,1115.0,1124.0,1119.0,1119.0,1119.0,1124.0,1124.0,1119.0,1122.0,1120.0,1120.0,1126.0,1139.0,1139.0,1137.0,1099.3,1105.2,1092.1,1089.5,1087.2,1106.1,1080.9,1077.0,1075.5,1082.5,1084.4,1085.1,1085.7,1086.9
Thailand,1144.0,1144.0,1154.0,1161.0,1160.0,1169.0,1174.0,1165.0,1165,1165,1193.0,1178.0,1178.0,1178.0,1178.0,1178.0,1178.0,1178.0,1178.0,1178.0,1178.0,1178.0,1149.0,1149.0,1149.0,1149.0,1156.0,1160.0,1168.0,1168.0,1171.0,1171.0,1175.0,1173.0,1172.0,1174.0,1174.0,1173.0,1149.1,1154.0,1163.4,1161.6,1168.9,1171.1,1163.6,1164.5,1167.1,1186.0,1173.8,1175.2,1176.0,1173.6
The Gambia,964.0,972.0,967.0,986.0,986.0,986.0,994.0,1006.0,1006,1006,990.0,1015.0,1015.0,1015.0,1015.0,1015.0,1022.0,1034.0,1034.0,1034.0,1034.0,1043.0,1053.0,1053.0,1054.0,1050.0,1050.0,1135.0,1138.0,1138.0,1137.0,1137.0,1137.0,1138.0,1151.0,1160.0,1160.0,1160.4,967.8,969.0,990.7,989.0,991.1,997.4,1007.1,1008.5,1007.6,992.4,1016.7,1015.3,1013.7,1016.0
Timor-Leste,912.0,909.0,910.0,900.0,900.0,900.0,900.0,879.0,879,879,879.0,879.0,879.0,879.0,879.0,879.0,879.0,879.0,879.0,879.0,879.0,879.0,879.0,879.0,879.0,879.0,873.0,865.0,865.0,865.0,861.0,860.0,860.0,860.0,860.0,860.0,860.0,857.5,913.4,911.4,901.2,899.5,900.2,900.4,879.4,878.6,879.6,879.3,879.4,878.0,879.2,878.6
Togo,1136.0,1139.0,1144.0,1136.0,1136.0,1136.0,1127.0,1127.0,1127,1127,1140.0,1127.0,1127.0,1127.0,1127.0,1127.0,1127.0,1115.0,1115.0,1115.0,1115.0,1104.0,1106.0,1091.0,1111.0,1133.0,1133.0,1133.0,1140.0,1140.0,1130.0,1130.0,1129.0,1129.0,1130.0,1141.0,1141.0,1137.8,1139.0,1141.0,1134.3,1132.2,1133.3,1127.2,1128.3,1127.3,1128.6,1134.9,1127.8,1127.4,1127.6,1129.3
Tonga,868.0,868.0,868.0,868.0,868.0,868.0,868.0,862.0,862,862,862.0,862.0,862.0,862.0,862.0,862.0,862.0,862.0,862.0,862.0,862.0,862.0,862.0,862.0,862.0,862.0,862.0,862.0,862.0,862.0,862.0,862.0,862.0,862.0,862.0,862.0,862.0,862.9,867.8,867.7,869.2,868.9,867.6,868.6,862.9,863.4,861.4,861.0,861.0,862.8,861.5,862.6
Trinidad,1264.0,1269.0,1263.0,1260.0,1260.0,1260.0,1258.0,1226.0,1226,1226,1213.0,1201.0,1201.0,1201.0,1201.0,1201.0,1201.0,1201.0,1201.0,1201.0,1200.0,1201.0,1208.0,1208.0,1208.0,1208.0,1208.0,1206.0,1204.0,1204.0,1206.0,1206.0,1195.0,1195.0,1198.0,1203.0,1200.0,1197.5,1274.7,1266.7,1259.4,1260.0,1259.3,1257.0,1228.9,1224.7,1225.0,1212.5,1201.7,1201.0,1201.6,1200.5
Tunisia,1498.0,1503.0,1515.0,1493.0,1493.0,1493.0,1491.0,1496.0,1496,1496,1495.0,1506.0,1506.0,1506.0,1506.0,1506.0,1507.0,1503.0,1503.0,1503.0,1503.0,1513.0,1515.0,1527.0,1525.0,1512.0,1513.0,1490.0,1500.0,1500.0,1508.0,1508.0,1508.0,1526.0,1536.0,1517.0,1517.0,1515.9,1504.5,1512.4,1500.7,1488.6,1492.8,1492.4,1495.3,1496.8,1495.3,1496.2,1503.2,1506.2,1508.9,1507.5
Turkey,1455.0,1456.0,1449.0,1443.0,1443.0,1443.0,1457.0,1467.0,1467,1467,1490.0,1494.0,1494.0,1494.0,1494.0,1485.0,1486.0,1487.0,1487.0,1487.0,1487.0,1505.0,1464.0,1455.0,1461.0,1473.0,1473.0,1473.0,1462.0,1462.0,1475.0,1475.0,1460.0,1465.0,1466.0,1484.0,1484.0,1482.3,1460.5,1451.4,1447.9,1447.6,1446.5,1459.6,1466.7,1465.4,1466.9,1488.1,1492.6,1496.7,1492.5,1494.1
Turkmenistan,1120.0,1120.0,1120.0,1120.0,1120.0,1089.0,1089.0,1091.0,1091,1091,1084.0,1107.0,1107.0,1107.0,1107.0,1107.0,1107.0,1107.0,1107.0,1107.0,1107.0,1107.0,1118.0,1118.0,1118.0,1118.0,1118.0,1118.0,1118.0,1118.0,1100.0,1100.0,1100.0,1100.0,1095.0,1090.0,1090.0,1090.5,1117.7,1117.6,1119.7,1119.5,1092.1,1093.5,1094.6,1095.3,1093.6,1089.3,1106.2,1106.5,1106.6,1108.2
Turks-Caicos,868.0,862.0,855.0,864.0,864.0,864.0,862.0,862.0,862,862,862.0,862.0,862.0,862.0,862.0,862.0,862.0,862.0,862.0,862.0,862.0,844.0,840.0,840.0,840.0,840.0,840.0,840.0,840.0,840.0,832.0,832.0,832.0,832.0,839.0,839.0,839.0,841.1,865.2,851.2,861.7,862.7,863.1,860.8,862.2,863.5,861.0,860.6,860.9,862.1,861.9,862.2
U. A. E.,1312.0,1308.0,1305.0,1309.0,1309.0,1355.0,1360.0,1360.0,1360,1360,1353.0,1338.0,1334.0,1334.0,1334.0,1334.0,1329.0,1326.0,1326.0,1326.0,1326.0,1330.0,1362.0,1358.0,1349.0,1350.0,1350.0,1353.0,1357.0,1357.0,1346.0,1346.0,1338.0,1338.0,1336.0,1336.0,1336.0,1336.3,1303.0,1305.6,1308.6,1307.3,1359.2,1361.3,1360.9,1359.2,1359.1,1352.1,1338.1,1334.6,1334.0,1334.4
US Virgin,892.0,889.0,887.0,881.0,881.0,881.0,888.0,888.0,888,888,856.0,844.0,844.0,844.0,844.0,844.0,844.0,844.0,844.0,844.0,844.0,829.0,816.0,816.0,816.0,816.0,816.0,816.0,816.0,816.0,824.0,824.0,824.0,824.0,817.0,817.0,817.0,815.2,912.1,885.5,881.0,880.1,881.3,886.9,890.2,887.7,889.4,852.9,844.3,845.0,844.1,844.1
USA,1508.0,1510.0,1506.0,1497.0,1497.0,1501.0,1506.0,1548.0,1548,1548,1530.0,1540.0,1542.0,1542.0,1542.0,1542.0,1542.0,1545.0,1545.0,1545.0,1548.0,1555.0,1648.0,1643.0,1639.0,1647.0,1649.0,1643.0,1634.0,1634.0,1635.0,1635.0,1627.0,1653.0,1654.0,1673.0,1674.0,1674.7,1514.2,1517.9,1488.8,1503.6,1495.3,1509.4,1542.5,1552.9,1543.9,1535.0,1535.2,1544.8,1538.7,1546.0
Uganda,1296.0,1291.0,1306.0,1320.0,1320.0,1320.0,1302.0,1305.0,1305,1305,1311.0,1321.0,1321.0,1321.0,1321.0,1321.0,1321.0,1307.0,1307.0,1307.0,1301.0,1287.0,1282.0,1280.0,1297.0,1285.0,1285.0,1279.0,1276.0,1276.0,1265.0,1265.0,1261.0,1261.0,1257.0,1250.0,1250.0,1250.3,1290.8,1307.4,1324.3,1319.8,1319.1,1296.1,1306.2,1303.0,1303.4,1311.0,1321.7,1321.5,1321.2,1321.9
Ukraine,1468.0,1483.0,1490.0,1482.0,1482.0,1482.0,1493.0,1513.0,1513,1513,1536.0,1537.0,1537.0,1537.0,1537.0,1539.0,1539.0,1528.0,1521.0,1521.0,1521.0,1515.0,1523.0,1520.0,1527.0,1535.0,1535.0,1535.0,1535.0,1535.0,1543.0,1543.0,1537.0,1537.0,1530.0,1541.0,1541.0,1539.8,1461.5,1491.7,1482.4,1480.5,1481.1,1492.9,1512.5,1513.5,1513.7,1538.2,1537.2,1537.2,1536.3,1536.9
Uruguay,1627.0,1632.0,1617.0,1609.0,1609.0,1609.0,1613.0,1637.0,1637,1637,1642.0,1645.0,1645.0,1645.0,1645.0,1645.0,1637.0,1639.0,1639.0,1639.0,1639.0,1639.0,1635.0,1645.0,1626.0,1597.0,1597.0,1614.0,1636.0,1636.0,1644.0,1641.0,1639.0,1627.0,1631.0,1633.0,1633.0,1633.1,1632.0,1611.5,1606.9,1610.9,1608.7,1614.5,1642.5,1634.3,1638.6,1643.2,1645.7,1644.9,1644.4,1646.1
Uzbekistan,1247.0,1245.0,1254.0,1251.0,1251.0,1275.0,1279.0,1286.0,1286,1286,1287.0,1289.0,1289.0,1289.0,1286.0,1290.0,1292.0,1283.0,1283.0,1283.0,1283.0,1281.0,1284.0,1282.0,1280.0,1275.0,1275.0,1277.0,1287.0,1287.0,1307.0,1307.0,1310.0,1313.0,1318.0,1328.0,1328.0,1331.4,1233.2,1257.7,1255.5,1255.2,1275.4,1278.6,1285.3,1285.3,1284.2,1284.8,1287.2,1287.3,1288.6,1284.5
Venezuela,1476.0,1476.0,1479.0,1478.0,1478.0,1478.0,1484.0,1505.0,1505,1505,1512.0,1517.0,1517.0,1517.0,1517.0,1517.0,1493.0,1501.0,1501.0,1501.0,1501.0,1501.0,1463.0,1434.0,1432.0,1409.0,1409.0,1411.0,1398.0,1398.0,1405.0,1405.0,1404.0,1406.0,1410.0,1417.0,1417.0,1417.5,1476.1,1485.4,1477.5,1477.7,1477.6,1484.6,1510.0,1508.4,1507.4,1516.0,1518.2,1518.1,1517.3,1519.5
Vietnam,1220.0,1220.0,1220.0,1224.0,1229.0,1227.0,1227.0,1232.0,1232,1232,1245.0,1258.0,1258.0,1258.0,1258.0,1258.0,1258.0,1258.0,1258.0,1258.0,1258.0,1258.0,1261.0,1244.0,1223.0,1209.0,1213.0,1219.0,1215.0,1215.0,1219.0,1219.0,1227.0,1229.0,1230.0,1238.0,1238.0,1236.1,1209.3,1226.8,1221.5,1232.4,1224.4,1228.4,1232.5,1230.4,1232.6,1251.4,1261.8,1255.3,1259.9,1258.0
Wales,1536.0,1536.0,1538.0,1525.0,1525.0,1525.0,1539.0,1514.0,1514,1514,1524.0,1540.0,1540.0,1540.0,1540.0,1550.0,1550.0,1562.0,1562.0,1562.0,1562.0,1570.0,1567.0,1564.0,1567.0,1578.0,1578.0,1578.0,1588.0,1588.0,1582.0,1582.0,1570.0,1530.0,1539.0,1506.0,1506.0,1500.9,1531.8,1538.8,1526.6,1525.2,1525.2,1537.8,1515.5,1515.4,1514.7,1523.2,1540.0,1541.5,1540.0,1540.6
Yemen,1112.0,1112.0,1112.0,1106.0,1106.0,1073.0,1073.0,1073.0,1073,1073,1070.0,1072.0,1071.0,1071.0,1071.0,1071.0,1071.0,1071.0,1071.0,1071.0,1071.0,1071.0,1046.0,1046.0,1046.0,1046.0,1046.0,1046.0,1046.0,1046.0,1024.0,1024.0,1024.0,1024.0,1020.0,1020.0,1020.0,1020.9,1109.9,1111.6,1105.2,1102.7,1073.9,1070.9,1072.7,1072.9,1071.8,1071.9,1072.4,1071.5,1070.2,1071.1
Zambia,1315.0,1316.0,1308.0,1292.0,1292.0,1292.0,1302.0,1299.0,1299,1299,1299.0,1277.0,1279.0,1279.0,1279.0,1279.0,1274.0,1266.0,1265.0,1265.0,1265.0,1280.0,1276.0,1280.0,1261.0,1265.0,1265.0,1265.0,1267.0,1267.0,1268.0,1271.0,1267.0,1265.0,1281.0,1290.0,1294.0,1294.0,1318.6,1308.4,1292.0,1291.9,1293.3,1302.2,1299.0,1297.6,1298.7,1298.9,1276.9,1281.1,1278.2,1280.1
Zimbabwe,1164.0,1167.0,1191.0,1175.0,1175.0,1175.0,1190.0,1174.0,1174,1174,1167.0,1180.0,1180.0,1180.0,1180.0,1180.0,1180.0,1181.0,1181.0,1181.0,1176.0,1176.0,1172.0,1161.0,1147.0,1138.0,1138.0,1139.0,1139.0,1139.0,1139.0,1139.0,1139.0,1139.0,1139.0,1139.0,1139.0,1138.8,1163.2,1195.2,1173.8,1173.5,1174.4,1189.5,1172.7,1173.4,1173.3,1167.0,1179.2,1179.4,1181.1,1180.5
